"",geographyRank,"","","","","","","","","","","","","","","","","","","","","","","","","","","","","","","","","","","","","","","","","",referralRank,"","","","","","","","","","","","","","","","","","","","","","","","","","","","","","","","","","","","","","","","","",socialRank,"","","","","","","","","","","","","","","","","","","","","","","","","","","","","","","","","","","","","","","","","",adRank,"","","","","","","","","",""
"","#1","","#2","","#3","","#4","","#5","","#6","","#7","","#8","","#9","","#10","","#11","","#12","","#13","","#14","","#15","","#16","","#17","","#18","","#19","","#20","","","","#1","","#2","","#3","","#4","","#5","","#6","","#7","","#8","","#9","","#10","","#11","","#12","","#13","","#14","","#15","","#16","","#17","","#18","","#19","","#20","","","","#1","","#2","","#3","","#4","","#5","","#6","","#7","","#8","","#9","","#10","","#11","","#12","","#13","","#14","","#15","","#16","","#17","","#18","","#19","","#20","","","","#1","","#2","","#3","","#4","","#5","",""
"","United States","64928.52","Russia","54220.96","China","47197.29","Vietnam","24263.07","Germany","20554.84","United Kingdom","20184.46","Brazil","18468.06","Ukraine","15960.13","India","13448.76","Netherlands","13275.72","Canada","11532.68","Turkey","10638.01","Norway","10554.83","Thailand","9744.37","France","9422.98","Italy","8677.45","Korea, Republic of","7111.14","Australia","6886.68","Romania","6195.16","Switzerland","6143.79","","","icodrops.com","80820.21","medium.com","11098.56","ndapp.org","10194.54","coinmarketcap.com","6046.81","bounty.global","4640.48","app.opentoken.com","3364.43","icomarket.io","2870.64","investing.com","2797.36","tutellus.com","2755.20","github.com","2483.27","cryptodiffer.com","2225.40","icohotlist.com","1865.91","icobench.com","1836.48","icoalert.com","1778.52","weworkremotely.com","1757.84","ttrcoin.com","1468.24","bitcointalk.org","1345.02","monoico.com","1307.27","techcrunch.com","1047.87","icorating.com","997.98","","","youtube.com/watch","21293.49","facebook.com","6200.69","twitter.com/neonexchange","1444.48","reddit.com/r/NEO/comments/9ard2g/nex_finally_got_approved_token_sale_starts_on_sep","1340.16","vk.com/im","1201.86","youtube.com/redirect","1083.85","linkedin.com/mynetwork/invite-sent/marlene-gagesch-8b8a219","1000.00","youtube.com","898.88","twitter.com/OrigoNetwork/status/1024457768843980800","836.16","twitter.com","832.16","reddit.com/r/Vechain/comments/98qrdf/check_your_vechainthor_wallets","657.02","reddit.com/r/NEO/comments/93nzws/daily_discussion_august_2nd_2018/e3gfg5v","625.57","twitter.com/certikorg","619.84","facebook.com/kylenguyen.vbc","616.70","reddit.com/r/Vechain/comments/98jt11/daily_vechain_discussion_august_19_2018","557.18","reddit.com/r/dfinity/comments/7h5dw4/estimated_token_release_date","544.18","review.intern.facebook.com/intern/review/queue/endless","538.50","web.telegram.org/#/im","522.11","reddit.com/r/hashgraph/comments/7mjdoe/some_harsh_critique","505.76","twitter.com/OceanexOfficial","492.44","","","coinmarketcap.com","1000.00","boards.4chan.org","1000.00","yts.gg","618.50","emuparadise.me","190.80","adpro.futurenet.club","190.80",""
"","Hedera Hashgraph","10586.80","Origo Network","12956.13","Neonexchange","12616.64","Bgogo","7005.90","Neonexchange","6751.32","Neonexchange","5909.62","Hedera Hashgraph","5950.80","Origo Network","4170.77","Neonexchange","2666.86","Neonexchange","2932.66","Neonexchange","1585.94","Neonexchange","2099.82","Neonexchange","5847.60","Neonexchange","3792.08","Neonexchange","1594.80","Moonlight","3390.16","Bgogo","1615.41","Bgogo","909.03","Origo Network","1354.22","Neonexchange","850.56","","","Bgogo","10740.08","Neonexchange","4847.20","Neonexchange","9951.36","Vite","2543.75","Bgogo","4640.48","Ankr Network","1739.64","FOAM Protocol","667.08","Asura Coin","2507.00","Tutellus","2755.20","Origin Protocol","954.65","Neonexchange","426.32","Hedera Hashgraph","1028.09","FOAM Protocol","403.92","FOAM Protocol","1657.84","Neonexchange","1757.84","Tutellus","1413.72","DAEX (Digital Assets Exchange)","714.84","AERGO","704.45","DFINITY","836.40","Hedera Hashgraph","418.95","","","Hedera Hashgraph","6696.68","Yumerium","1729.92","Neonexchange","1444.48","Neonexchange","1340.16","Bgogo","312.90","Yumerium","1083.85","Emotiq","1000.00","Hedera Hashgraph","310.88","Origo Network","836.16","Neonexchange","522.24","OCEANEX","657.02","Moonlight","625.57","Origo Network","619.84","Bgogo","616.70","OCEANEX","557.18","DFINITY","544.18","AERGO","538.50","Yumerium","497.67","Hedera Hashgraph","505.76","OCEANEX","492.44","","","Bgogo","1000.00","Hedera Hashgraph","1000.00","Opiria & PDATA","618.50","Opiria & PDATA","190.80","Opiria & PDATA","190.80",""
"","Neonexchange","8479.02","Bgogo","6571.65","Bgogo","7891.77","Yumerium","3648.20","Origo Network","2497.91","Hedera Hashgraph","2158.40","Bgogo","5523.66","Bgogo","1499.61","Moonlight","2398.16","OCEANEX","1714.77","Verasity","1407.60","Origo Network","1780.97","Origo Network","3414.00","Bgogo","1540.14","Carry Protocol","1518.75","Neonexchange","921.44","Carry Protocol","993.87","Neonexchange","806.26","Bgogo","822.18","Verasity","646.30","","","Neonexchange","9101.64","Origin Protocol","2491.85","Moonlight","243.18","DAEX (Digital Assets Exchange)","2433.40","","","Origo Network","1509.45","DREP","562.80","Yumerium","290.36","","","AERGO","896.44","Bgogo","386.40","Origin Protocol","439.20","DxChain","339.30","Verasity","120.68","","","DxChain","54.52","Yumerium","304.92","Metadium","412.70","Hedera Hashgraph","211.47","Neonexchange","394.20","","","Bgogo","2740.50","Hedera Hashgraph","1477.84","","","","","Ankr Network","307.78","","","","","DFINITY","270.14","","","Origo Network","309.92","","","","","","","","","","","","","","","Origo Network","24.44","","","","","","","","","","","","","","","","",""
"","FOAM Protocol","6672.60","Carry Protocol","6106.59","Lambda","4799.64","Carry Protocol","2310.93","Moonlight","1364.00","Carry Protocol","1944.00","Usechain","1804.32","Ankr Network","1379.56","Bgogo","1036.41","Bgogo","1540.14","Moonlight","1269.76","Moonlight","1706.24","Vite","478.04","Origo Network","1200.59","Bgogo","1488.03","Origo Network","716.94","Neonexchange","788.54","Hedera Hashgraph","680.20","Carry Protocol","690.12","DFINITY","630.96","","","Ankr Network","8439.42","OCEANEX","987.00","","","DxChain","885.66","","","AERGO","115.34","DxChain","549.26","","","","","DxChain","562.60","Carry Protocol","263.41","DREP","291.48","DAEX (Digital Assets Exchange)","272.32","","","","","","","Vite","99.00","Bgogo","128.80","","","DxChain","120.64","","","Verasity","1536.46","FOAM Protocol","830.25","","","","","Lambda","255.70","","","","","Origo Network","135.20","","","","","","","","","","","","","","","","","","","","","","","","","","","","","","","","","","","","",""
"","DFINITY","5594.99","Neonexchange","4757.82","Ankr Network","4528.16","Ankr Network","2220.40","Ankr Network","1266.72","Origo Network","1411.12","Neonexchange","1780.86","Neonexchange","1240.40","Ankr Network","975.52","Hedera Hashgraph","1212.20","Hedera Hashgraph","1235.00","Carry Protocol","1268.46","OCEANEX","257.69","Moonlight","741.52","Origo Network","995.75","Hedera Hashgraph","585.20","Ankr Network","582.40","Vite","556.48","Neonexchange","620.20","Vite","606.80","","","Hedera Hashgraph","8007.93","DFINITY","656.82","","","Bgogo","184.00","","","","","Asura Coin","546.50","","","","","Carry Protocol","69.58","Hedera Hashgraph","218.12","Carry Protocol","83.78","Carry Protocol","243.53","","","","","","","Ankr Network","87.78","Neonexchange","61.32","","","Carry Protocol","36.92","","","Origo Network","1222.00","Tutellus","487.00","","","","","Neonexchange","156.80","","","","","Carry Protocol","81.70","","","","","","","","","","","","","","","","","","","","","","","","","","","","","","","","","","","","",""
"","Ankr Network","5394.48","Ankr Network","4448.08","Origo Network","3641.60","Neonexchange","1647.96","Hedera Hashgraph","1094.40","DFINITY","1405.32","Yumerium","829.40","Carry Protocol","1222.29","Lambda","934.62","Origo Network","1120.93","Bgogo","966.93","Vite","956.08","Moonlight","220.72","Ankr Network","505.96","Hedera Hashgraph","881.60","Ankr Network","556.92","Origo Network","443.82","OCEANEX","474.50","Metadium","382.22","Carry Protocol","592.92","","","DFINITY","6805.59","Bgogo","557.52","","","","","","","","","Opiria & PDATA","545.00","","","","","","","Ankr Network","206.34","Neonexchange","23.36","Verasity","220.92","","","","","","","Opiria & PDATA","86.00","","","","","Usechain","15.66","","","Yumerium","1155.93","DFINITY","459.94","","","","","Origo Network","109.20","","","","","Moonlight","60.06","","","","","","","","","","","","","","","","","","","","","","","","","","","","","","","","","","","","",""
"","Bgogo","5043.09","Moonlight","3184.32","DFINITY","2330.25","Origo Network","1320.08","FOAM Protocol","914.10","Bgogo","1169.58","Verasity","817.65","Moonlight","815.92","Origo Network","796.60","DFINITY","733.73","Origo Network","768.15","Hedera Hashgraph","687.80","Hedera Hashgraph","178.60","DREP","487.60","DFINITY","530.58","Verasity","529.00","AERGO","341.96","Origo Network","438.13","Verasity","297.85","Hedera Hashgraph","585.20","","","Origo Network","5657.61","Carry Protocol","487.77","","","","","","","","","","","","","","","","","Origo Network","197.49","","","Yumerium","104.72","","","","","","","Verasity","27.72","","","","","Origo Network","6.09","","","Opiria & PDATA","1000.00","Bgogo","399.70","","","","","DREP","40.40","","","","","Metadium","40.90","","","","","","","","","","","","","","","","","","","","","","","","","","","","","","","","","","","","",""
"","Origo Network","3931.79","DFINITY","1668.22","Vite","2273.28","DFINITY","1261.92","DFINITY","755.24","Ankr Network","1044.68","Vite","438.08","Usechain","707.04","Yumerium","784.16","Ankr Network","637.00","FOAM Protocol","740.85","Asura Coin","336.30","DREP","62.01","Usechain","316.80","Lambda","500.61","Vite","374.44","Yumerium","335.24","FOAM Protocol","400.95","Vite","285.64","Moonlight","347.20","","","Moonlight","5177.97","Tutellus","299.88","","","","","","","","","","","","","","","","","Emotiq","162.96","","","Opiria & PDATA","89.75","","","","","","","DFINITY","7.38","","","","","Bgogo","5.52","","","DREP","929.50","OCEANEX","393.90","","","","","Yumerium","19.08","","","","","","","","","","","","","","","","","","","","","","","","","","","","","","","","","","","","","","","","","","",""
"","Moonlight","3722.48","Verasity","1569.75","Usechain","1490.40","DREP","763.20","Metadium","618.86","Origin Protocol","796.29","DFINITY","322.65","Yumerium","502.28","Hedera Hashgraph","611.80","Lambda","632.70","DFINITY","664.42","Yumerium","254.04","Ankr Network","61.88","DxChain","302.40","FOAM Protocol","440.55","FOAM Protocol","293.70","Metadium","305.66","Verasity","400.20","Ankr Network","269.36","Bgogo","254.76","","","Carry Protocol","5144.66","Verasity","278.60","","","","","","","","","","","","","","","","","AERGO","147.46","","","Hedera Hashgraph","85.12","","","","","","","Asura Coin","6.50","","","","","","","","","DxChain","863.10","Neonexchange","293.76","","","","","","","","","","","","","","","","","","","","","","","","","","","","","","","","","","","","","","","","","","","","","","","","",""
"","Origin Protocol","3722.37","Metadium","1538.74","FOAM Protocol","1447.05","Hedera Hashgraph","684.00","Carry Protocol","614.79","DREP","772.21","FOAM Protocol","265.65","Metadium","437.90","DFINITY","501.90","Vite","537.24","Origin Protocol","525.78","AERGO","252.32","Origin Protocol","34.29","DFINITY","255.73","Ankr Network","436.80","Usechain","239.04","Moonlight","302.56","DFINITY","353.72","DFINITY","265.29","Lambda","235.32","","","AERGO","4475.63","Vite","127.60","","","","","","","","","","","","","","","","","Origin Protocol","117.73","","","Asura Coin","40.00","","","","","","","Neonexchange","5.84","","","","","","","","","Vite","669.00","Origo Network","98.28","","","","","","","","","","","","","","","","","","","","","","","","","","","","","","","","","","","","","","","","","","","","","","","","",""
"","Vite","2631.44","DxChain","1536.64","Carry Protocol","1173.69","Usechain","682.56","Bgogo","613.74","Moonlight","448.88","Ankr Network","247.52","Hedera Hashgraph","421.80","Verasity","378.35","Moonlight","488.56","DxChain","524.16","Usechain","228.96","","","AERGO","163.51","Usechain","171.36","Asura Coin","205.20","Usechain","254.88","Moonlight","319.92","AERGO","250.66","AERGO","224.93","","","Tutellus","2462.88","Moonlight","112.14","","","","","","","","","","","","","","","","","FOAM Protocol","85.00","","","DFINITY","36.90","","","","","","","Tutellus","5.04","","","","","","","","","Lambda","619.50","DREP","30.10","","","","","","","","","","","","","","","","","","","","","","","","","","","","","","","","","","","","","","","","","","","","","","","","",""
