"0x6EbeAf8e8E946F0716E6533A6f2cefc83f60e8Ab","Gods Unchained (GODS)","https://etherscan.io/token/0x6EbeAf8e8E946F0716E6533A6f2cefc83f60e8Ab","107,860 GODS ($0.00)","$0.0000 @ 0.000000 Eth","923 addresses","107860"
"0x06012c8cf97bead5deae237070f9587f8e7a266d","CryptoKitties (CK)","https://etherscan.io/token/0x06012c8cf97bead5deae237070f9587f8e7a266d","1,095,308 CK ($0.00)","$0.0000 @ 0.000000 Eth","67764 addresses","2943992"
"0x8c9b261faef3b3c2e64ab5e58e04615f8c788099","LucidSight-MLB-NFT (MLBCB)","https://etherscan.io/token/0x8c9b261faef3b3c2e64ab5e58e04615f8c788099","107,310 MLBCB ($0.00)","$0.0000 @ 0.000000 Eth","709 addresses","170572"
"0xbfde6246df72d3ca86419628cac46a9d2b60393c","EtheremonAdventure (EMOND)","https://etherscan.io/token/0xbfde6246df72d3ca86419628cac46a9d2b60393c","8,417 EMOND ($0.00)","$0.0000 @ 0.000000 Eth","671 addresses","13705"
"0xe694010c4f1fcd35ebc04ceb60f847caaf2cd6f2","","https://etherscan.io/token/0xe694010c4f1fcd35ebc04ceb60f847caaf2cd6f2","15,206 N/A ($0.00)","$0.0000 @ 0.000000 Eth","1926 addresses","16040"
"0x5d00d312e171be5342067c09bae883f9bcb2003b","EtheremonMonster","https://etherscan.io/token/0x5d00d312e171be5342067c09bae883f9bcb2003b","41,774 EMONA ($0.00)","$0.0000 @ 0.000000 Eth","1036 addresses","7867"
"0xf87e31492faf9a91b02ee0deaad50d51d56d5d4d","Decentraland LAND (LAND)","https://etherscan.io/token/0xf87e31492faf9a91b02ee0deaad50d51d56d5d4d","34,967 LAND ($0.00)","$0.0000 @ 0.000000 Eth","296 addresses","8593"
"0x84ac94f17622241f313511b629e5e98f489ad6e4","Crypto Pepe","https://etherscan.io/token/0x84ac94f17622241f313511b629e5e98f489ad6e4","282 CPEP ($0.00)","$0.0000 @ 0.000000 Eth","23 addresses","453"
"0xd112f302969901fedd28756efe8170b80c746ccc","CryptoPony","https://etherscan.io/token/0xd112f302969901fedd28756efe8170b80c746ccc","1,705 CP ($0.00)","$0.0000 @ 0.000000 Eth","83 addresses","2919"
"0x5caebd3b32e210e85ce3e9d51638b9c445481567","WarRiders","https://etherscan.io/token/0x5caebd3b32e210e85ce3e9d51638b9c445481567","3,012 WR ($0.00)","$0.0000 @ 0.000000 Eth","315 addresses","3175"
"0xe58af3dcbe423c1e330f9d6e61cd47cb530239ac","StaryFox","https://etherscan.io/token/0xe58af3dcbe423c1e330f9d6e61cd47cb530239ac","11,008 SF ($0.00)","$0.0000 @ 0.000000 Eth","1652 addresses","16986"
"0x56c72cda0b04fc39a25d0b6a64fa258fad46d664","KudosToken","https://etherscan.io/token/0x56c72cda0b04fc39a25d0b6a64fa258fad46d664","38 KDO ($0.00)","$0.0000 @ 0.000000 Eth","3 addresses","38"
"0x959e104e1a4db6317fa58f8295f586e1a978c297","Estate","https://etherscan.io/token/0x959e104e1a4db6317fa58f8295f586e1a978c297","644 EST ($0.00)","$0.0000 @ 0.000000 Eth","264 addresses","762"
"0xdf5d68d54433661b1e5e90a547237ffb0adf6ec2","Arcona Digital Land","https://etherscan.io/token/0xdf5d68d54433661b1e5e90a547237ffb0adf6ec2","783 ARDL ($0.00)","$0.0000 @ 0.000000 Eth","67 addresses","1954"
"0x5a7f1af0937b47733693ad05e2e6a33fdda7fdec","DGMonster","https://etherscan.io/token/0x5a7f1af0937b47733693ad05e2e6a33fdda7fdec","55 Monster ($0.00)","$0.0000 @ 0.000000 Eth","54 addresses","55"
"0x0b762b6df5940c6b55e21143142286c74299e174","CryptoCards","https://etherscan.io/token/0x0b762b6df5940c6b55e21143142286c74299e174","1,819 CARD ($0.00)","$0.0000 @ 0.000000 Eth","2 addresses","1821"
"0x630f2d1a367e0e52c636da9be64320b89fc92030","Land","https://etherscan.io/token/0x630f2d1a367e0e52c636da9be64320b89fc92030","8 LAND ($0.00)","$0.0000 @ 0.000000 Eth","2 addresses","10"
"0xf766b3e7073f5a6483e27de20ea6f59b30b28f87","Ether Kingdoms Items","https://etherscan.io/token/0xf766b3e7073f5a6483e27de20ea6f59b30b28f87","511 IMPi ($0.00)","$0.0000 @ 0.000000 Eth","257 addresses","904"
"0xb80776700778e7415da08ef65fa389f75737fb95","DigitalPrintImage","https://etherscan.io/token/0xb80776700778e7415da08ef65fa389f75737fb95","104 DPM ($0.00)","$0.0000 @ 0.000000 Eth","26 addresses","109"
"0x89be28ea3b9a24885e343674f25cd8444fd692e5","BlockMagic Skills","https://etherscan.io/token/0x89be28ea3b9a24885e343674f25cd8444fd692e5","151 BMS ($0.00)","$0.0000 @ 0.000000 Eth","33 addresses","154"
"0x87d598064c736dd0c712d329afcfaa0ccc1921a1","CryptoFighters","https://etherscan.io/token/0x87d598064c736dd0c712d329afcfaa0ccc1921a1","4,778 CF ($0.00)","$0.0000 @ 0.000000 Eth","479 addresses","13016"
"0x7c93f0e4096dceec5dca5c21124c1dff5d0c2be5","BlockMagic Items","https://etherscan.io/token/0x7c93f0e4096dceec5dca5c21124c1dff5d0c2be5","166 BMI ($0.00)","$0.0000 @ 0.000000 Eth","60 addresses","167"
"0x05dbbe4baed86d9b1da83e67dea6326e2617dad2","LucidSight-DODGERS-NFT","https://etherscan.io/token/0x05dbbe4baed86d9b1da83e67dea6326e2617dad2","40,000 DNFTCB ($0.00)","$0.0000 @ 0.000000 Eth","39667 addresses","40894"
"0x273f7f8e6489682df756151f5525576e322d51a3","MyCryptoHeroes:Hero","https://etherscan.io/token/0x273f7f8e6489682df756151f5525576e322d51a3","3,364 MCHH ($0.00)","$0.0000 @ 0.000000 Eth","1605 addresses","3476"
"0xa98ad92a642570b83b369c4eb70efefe638bc895","Fishbank","https://etherscan.io/token/0xa98ad92a642570b83b369c4eb70efefe638bc895","8,034 FISH ($0.00)","$0.0000 @ 0.000000 Eth","4079 addresses","13757"
"0x772da237fc93ded712e5823b497db5991cc6951e","EverDragons","https://etherscan.io/token/0x772da237fc93ded712e5823b497db5991cc6951e","949 ED ($0.00)","$0.0000 @ 0.000000 Eth","171 addresses","1581"
"0x4201db13824a50a11f931169b2f0bca9cac23614","Age of Dragon","https://etherscan.io/token/0x4201db13824a50a11f931169b2f0bca9cac23614","7,478 AOD ($0.00)","$0.0000 @ 0.000000 Eth","222 addresses","13514"
"0x79f8cd0e10cbc82d663e6d8c306165f6785297f9","","https://etherscan.io/token/0x79f8cd0e10cbc82d663e6d8c306165f6785297f9","56 N/A ($0.00)","$0.0000 @ 0.000000 Eth","30 addresses","61"
"0x86e4dc25259ee2191cd8ae40e1865b9f0319646c","CryptoRome-Land-NFT","https://etherscan.io/token/0x86e4dc25259ee2191cd8ae40e1865b9f0319646c","4,995 CRLAND ($0.00)","$0.0000 @ 0.000000 Eth","133 addresses","8597"
"0x3bcbd2093e991363b98cf0f51d40fecd94a55a0d","DopeRaider","https://etherscan.io/token/0x3bcbd2093e991363b98cf0f51d40fecd94a55a0d","283 DOPR ($0.00)","$0.0000 @ 0.000000 Eth","27 addresses","1723"