"",geographyRank,"","","","","","","","","","","","","","","","","","","","","","","","","","","","","","","","","","","","","","","","","",referralRank,"","","","","","","","","","","","","","","","","","","","","","","","","","","","","","","","","","","","","","","","","",socialRank,"","","","","","","","","","","","","","","","","","","","","","","","","","","","","","","","","","","","","","","","","",adRank
"","#1","","#2","","#3","","#4","","#5","","#6","","#7","","#8","","#9","","#10","","#11","","#12","","#13","","#14","","#15","","#16","","#17","","#18","","#19","","#20","","","","#1","","#2","","#3","","#4","","#5","","#6","","#7","","#8","","#9","","#10","","#11","","#12","","#13","","#14","","#15","","#16","","#17","","#18","","#19","","#20","","","","#1","","#2","","#3","","#4","","#5","","#6","","#7","","#8","","#9","","#10","","#11","","#12","","#13","","#14","","#15","","#16","","#17","","#18","","#19","","#20","","","",""
"","China","46755.87","Russia","44517.66","United States","38684.12","Vietnam","27668.01","United Kingdom","19835.91","Korea, Republic of","16076.12","India","15760.30","Germany","15138.53","Taiwan","14074.53","Ukraine","13738.98","Poland","13246.21","Brazil","12756.45","France","12178.78","Netherlands","10654.99","Belgium","8429.34","Turkey","6472.92","Canada","5995.16","Austria","5795.05","Switzerland","5477.02","Sweden","4662.53","","","coinmarketcap.com","19278.65","icodrops.com","18116.77","medium.com","5469.10","icobench.com","4890.25","github.com","2459.21","coingecko.com","2328.60","neoeconomy.io","1524.70","bitcointalk.org","1453.56","icomarks.com","1296.48","multicoin.capital","1143.50","bitvideo.club","1102.40","icohotlist.com","1098.03","en.wikipedia.org","1095.50","steemit.com","1092.60","ambcrypto.com","1082.88","bitmaxhelp.zendesk.com","1079.04","cryptoinvestsummit.io","1043.20","mundonegro.inf.br","970.88","labs.binance.com","894.66","icorating.com","891.85","","","youtube.com/watch","13894.19","twitter.com","7471.04","facebook.com","4731.58","quora.com/What-are-best-public-dataset-for-facial-expression-classification","1913.73","youtube.com","1043.90","reddit.com/r/vitelabs/comments/9yiuzh/important_updates_on_the_viteorg_and_vite_wallet","1000.00","facebook.com/lukamesec1","1000.00","linkedin.com/in/monanli","1000.00","meetup.com/ru-RU/Quadrant-Protocol-Moscow/events/255737773","1000.00","vk.com/afservik86","969.57","l.facebook.com/l.php","860.04","reddit.com/r/hashgraph/comments/9aoxwf/which_exchanges_should_i_be_looking_at_to_invest","826.40","youtube.com/feed/subscriptions","739.53","twitter.com/neonexchange","737.52","livecoinwatch.com/price/NOS-NOS","555.80","vk.com/im","538.90","away.vk.com/away.php","534.07","reddit.com/r/CryptoCurrency/comments/9zm6z3/potential_huobi_listing_alert_the_korean","473.50","facebook.com/groups/218612071968287/565561380606686","454.10","reddit.com/r/helloicon/comments/9wbcjk/weblocio_an_icon_advertising_dapp_starts_their","443.04","","",""
"","BitMax","33165.08","BitMax","20049.38","BitMax","7900.10","Bgogo","10382.20","Neonexchange","5700.15","BitMax","8160.88","BitMax","3758.30","BitMax","4954.82","BitMax","10385.18","BitMax","7439.90","BitMax","8927.88","CryptoCurve","2403.00","Neonexchange","7846.65","BitMax","3451.50","BitMax","3083.34","Contentos","1959.30","BitMax","2653.82","BitMax","2101.58","Neonexchange","791.82","Bgogo","2516.20","","","Bgogo","6123.20","BitMax","6571.52","Verasity","1557.20","CryptoCurve","849.94","Kairos","924.14","BitMax","760.32","Neonexchange","802.80","BitMax","523.52","Mandala","575.40","DFINITY","1143.50","Codex Protocol","1102.40","Ultrain","787.50","Hedera Hashgraph","1000.00","Yumerium","746.90","BitMax","1082.88","BitMax","1079.04","Verasity","1043.20","Kairos","970.88","Contentos","894.66","CryptoCurve","465.66","","","CryptoCurve","3868.18","Neonexchange","6891.36","Midas Protocol","1466.74","Kairos","1913.73","Carry Protocol","538.70","Vite","1000.00","0xcert Protocol","1000.00","Origin Protocol","1000.00","Quadrant Protocol","1000.00","DACC","969.57","SOAR","547.80","Hedera Hashgraph","826.40","Origo Network","361.20","Neonexchange","737.52","nOS","555.80","Carry Protocol","181.40","DACC","372.87","AERGO","473.50","Mandala","454.10","weBloc Protocol","443.04","","",""
"","Bgogo","2355.20","Bgogo","6237.60","Kairos","3704.07","BitMax","6903.00","BitMax","3359.46","Bgogo","5276.20","MoonX","1604.65","Neonexchange","3324.69","Contentos","3093.30","AERGO","1192.50","Bgogo","1490.40","Neonexchange","2122.65","DFINITY","549.10","Neonexchange","3429.63","Contentos","1873.20","Kairos","893.94","Neonexchange","982.62","Neonexchange","1550.25","DFINITY","700.40","Neonexchange","648.72","","","Kleros","3144.05","Neonexchange","1781.28","DFINITY","696.00","weBloc Protocol","668.00","Origin Protocol","855.21","nOS","339.50","nOS","527.50","weBloc Protocol","319.20","0xcert Protocol","197.60","","","","","Origin Protocol","236.93","DFINITY","95.50","Codex Protocol","167.40","","","","","","","","","","","FOAM Protocol","305.83","","","BitMax","1648.89","Blockcloud","269.10","FOAM Protocol","1073.28","","","Bgogo","295.80","","","","","","","","","","","DFINITY","207.18","","","Bgogo","241.00","","","","","BitMax","160.58","BitMax","161.20","","","","","","","","",""
"","Ultrain","2310.84","AERGO","3910.50","DFINITY","3367.70","Midas Protocol","1915.76","Bgogo","1426.00","AERGO","460.50","CryptoCurve","1497.87","AERGO","1144.50","Kairos","148.05","Bgogo","943.00","DFINITY","357.00","Sparkster","1883.42","nOS","369.60","Bgogo","519.80","Bgogo","874.00","Neonexchange","863.37","Kairos","506.19","Bgogo","685.40","AERGO","664.50","AERGO","418.50","","","Liquidity Network","2951.68","nOS","1604.50","weBloc Protocol","555.60","ShareRing","597.60","DFINITY","527.50","Quadrant Protocol","277.70","Moonlight","194.40","Vite","151.81","weBloc Protocol","192.80","","","","","Quadrant Protocol","50.60","","","Carry Protocol","129.40","","","","","","","","","","","Neonexchange","99.36","","","Yumerium","1000.00","Bgogo","168.60","Kambria","1033.94","","","Origo Network","197.00","","","","","","","","","","","Kambria","105.06","","","BitMax","137.33","","","","","Neonexchange","76.44","","","","","","","","","","",""
"","FOAM Protocol","1805.13","Sparkster","2922.15","FOAM Protocol","3130.38","DFINITY","1812.20","AERGO","943.50","DACC","360.96","Ultrain","1345.54","DFINITY","929.90","MoonX","128.64","DACC","519.36","Neonexchange","305.28","Verasity","867.20","DACC","353.28","nOS","390.06","Neonexchange","725.04","Sparkster","709.94","Carry Protocol","335.58","Kambria","298.20","Bgogo","630.20","Contentos","277.20","","","DxChain","1687.25","Kambria","1483.24","Neonexchange","513.36","MoonX","440.00","FOAM Protocol","88.74","Neonexchange","276.48","","","Bgogo","113.52","Verasity","124.00","","","","","Blockcloud","23.00","","","MoonX","25.90","","","","","","","","","","","nOS","21.00","","","Kleros","931.10","BitMax","141.98","Contentos","563.28","","","BitMax","12.40","","","","","","","","","","","","","","","","","","","","","DFINITY","52.56","","","","","","","","","","",""
"","DFINITY","1434.80","Neonexchange","1493.01","Neonexchange","2847.69","Kambria","1808.10","Moonlight","799.26","weBloc Protocol","322.38","AERGO","1339.50","nOS","470.58","Ultrain","84.28","Codex Protocol","415.38","SOAR","282.00","Kairos","806.52","FOAM Protocol","337.59","DFINITY","329.80","nOS","577.50","DFINITY","382.50","DFINITY","334.90","weBloc Protocol","239.49","BitMax","628.94","BitMax","260.78","","","nOS","1385.00","AERGO","1137.00","Kairos","329.64","SOAR","415.59","Kleros","38.50","Yumerium","253.10","","","Quadrant Protocol","92.80","CryptoCurve","92.30","","","","","","","","","weBloc Protocol","23.00","","","","","","","","","","","","","","","Bgogo","857.00","","","Neonexchange","190.68","","","","","","","","","","","","","","","","","","","","","","","","","Kairos","34.71","","","","","","","","","","",""
"","DACC","943.68","DFINITY","899.30","Bgogo","2539.20","MoonX","710.20","FOAM Protocol","752.37","Neonexchange","310.05","Kairos","920.73","Blockcloud","428.01","DFINITY","83.30","Neonexchange","310.05","weBloc Protocol","232.74","nOS","687.72","Kleros","239.66","MoonX","318.92","CryptoCurve","292.81","CryptoCurve","256.32","DACC","183.36","Mandala","169.20","MoonX","406.02","DFINITY","137.70","","","Vite","1156.15","Bgogo","989.00","Contentos","308.36","Contentos","380.90","0xcert Protocol","25.12","DFINITY","169.00","","","DFINITY","79.50","Liquidity Network","40.32","","","","","","","","","","","","","","","","","","","","","","","","","DACC","734.67","","","Carry Protocol","133.10","","","","","","","","","","","","","","","","","","","","","","","","","Bgogo","27.00","","","","","","","","","","",""
"","Vite","641.20","DACC","891.84","Origin Protocol","1782.66","Yumerium","665.28","Mandala","585.60","Carry Protocol","201.62","Moonlight","881.16","Kairos","335.58","Neonexchange","66.78","MoonX","240.53","Ultrain","220.50","Bgogo","648.60","Kambria","222.18","Ultrain","306.74","AERGO","216.00","Origin Protocol","228.66","Moonlight","147.00","Kleros","114.54","DACC","254.40","Origin Protocol","102.86","","","Midas Protocol","1061.58","CryptoCurve","656.50","DACC","254.30","Verasity","304.00","","","Bgogo","146.20","","","AERGO","69.75","Kleros","38.50","","","","","","","","","","","","","","","","","","","","","","","","","Blockcloud","730.90","","","BitMax","89.90","","","","","","","","","","","","","","","","","","","","","","","","","DACC","6.21","","","","","","","","","","",""
"","Neonexchange","519.93","Contentos","636.30","Ultrain","1760.08","Contentos","438.90","DFINITY","572.90","FOAM Protocol","102.30","Neonexchange","777.51","Vite","334.60","Kambria","44.52","Ultrain","228.34","AERGO","210.00","Midas Protocol","519.20","Blockcloud","215.49","DACC","284.16","DFINITY","192.10","BitMax","184.08","Mandala","118.20","DFINITY","113.90","Moonlight","224.28","Kairos","97.29","","","0xcert Protocol","872.80","Contentos","495.30","nOS","223.50","DxChain","287.25","","","Ultrain","106.30","","","SOAR","57.54","MoonX","25.90","","","","","","","","","","","","","","","","","","","","","","","","","MoonX","598.30","","","DACC","89.10","","","","","","","","","","","","","","","","","","","","","","","","","","","","","","","","","","","","",""
"","0xcert Protocol","417.48","Kleros","622.38","Mandala","925.20","Sparkster","351.89","CryptoCurve","475.26","MoonX","91.12","Kleros","769.12","FOAM Protocol","324.57","Midas Protocol","40.48","Sparkster","224.07","Origin Protocol","202.76","Kleros","509.68","weBloc Protocol","207.90","Midas Protocol","279.40","Blockcloud","166.98","Ultrain","183.26","Quadrant Protocol","117.60","MoonX","96.48","DxChain","211.80","MoonX","58.96","","","Usechain","841.90","Quadrant Protocol","446.60","Origin Protocol","186.76","Neonexchange","282.96","","","","","","","Neonexchange","38.88","SOAR","9.66","","","","","","","","","","","","","","","","","","","","","","","","","nOS","595.70","","","weBloc Protocol","72.96","","","","","","","","","","","","","","","","","","","","","","","","","","","","","","","","","","","","",""
"","Blockcloud","368.94","CryptoCurve","589.18","Moonlight","797.58","SOAR","327.00","nOS","438.24","Origin Protocol","90.28","Bgogo","552.00","DACC","305.28","","","DFINITY","210.80","MoonX","201.67","AERGO","490.50","BitMax","199.42","Blockcloud","273.24","Kairos","126.90","MoonX","164.15","CryptoCurve","86.33","AERGO","91.50","Ultrain","211.68","Vite","50.12","","","BitMax","55.04","Origo Network","417.90","Origo Network","173.18","AERGO","279.25","","","","","","","0xcert Protocol","7.04","","","","","","","","","","","","","","","","","","","","","","","","","","","Mandala","479.90","","","CryptoCurve","18.60","","","","","","","","","","","","","","","","","","","","","","","","","","","","","","","","","","","","",""
