"",geographyRank,"","","","","","","","","","","","","","","","","","","","","","","","","","","","","","","","","","","","","","","","","",referralRank,"","","","","","","","","","","","","","","","","","","","","","","","","","","","","","","","","","","","","","","","","",socialRank,"","","","","","","","","","","","","","","","","","","","","","","","","","","","","","","","","","","","","","","","","",adRank,"","","","","","","",""
"","#1","","#2","","#3","","#4","","#5","","#6","","#7","","#8","","#9","","#10","","#11","","#12","","#13","","#14","","#15","","#16","","#17","","#18","","#19","","#20","","","","#1","","#2","","#3","","#4","","#5","","#6","","#7","","#8","","#9","","#10","","#11","","#12","","#13","","#14","","#15","","#16","","#17","","#18","","#19","","#20","","","","#1","","#2","","#3","","#4","","#5","","#6","","#7","","#8","","#9","","#10","","#11","","#12","","#13","","#14","","#15","","#16","","#17","","#18","","#19","","#20","","","","#1","","#2","","#3","","#4","",""
"","China","183758.52","United States","77273.92","United Kingdom","36260.54","Australia","31352.10","Korea, Republic of","29941.04","Russia","27462.26","Vietnam","27162.09","Germany","20588.48","Poland","19766.98","France","19409.07","Italy","18125.04","Canada","16489.22","Taiwan","15166.55","Spain","11905.18","Ukraine","9530.55","Sweden","8829.69","India","8760.67","Slovakia","8754.22","Netherlands","8585.35","Switzerland","7253.96","","","coinmarketcap.com","40880.77","icodrops.com","11976.98","medium.com","5632.89","dappradar.com","4753.65","etherscan.io","4440.38","icobench.com","3797.68","coingecko.com","3579.53","bitcointalk.org","3114.48","photofeeler.com","2016.35","eospark.com","1928.55","github.com","1636.55","icorating.com","1255.67","dapp.review","1226.79","bitmaxhelp.zendesk.com","1220.26","newdex.zendesk.com","1161.00","icoalert.com","967.80","labs.binance.com","911.46","feixiaohao.com","816.25","blog.circle.com","789.99","mmo4me.com","737.62","","","youtube.com/watch","11492.14","twitter.com/search","2771.65","twitter.com","2710.97","facebook.com","2389.33","twitter.com/mistbu1/lists/job","1478.05","twitter.com/liquiditynet","1000.00","reddit.com/r/vitelabs/comments/a1n3hw/testnet_based_quiz_winners_community_rewards_vol_4","1000.00","twitter.com/sporimru","1000.00","reddit.com/r/CryptoCurrency/comments/86xg1k/what_are_your_thoughts_on_hedera_hashgraph","1000.00","facebook.com/pg/PDXbaap/about","1000.00","facebook.com/groups/1561844270543595/1676079172453437","1000.00","twitter.com/Soar_Earth","1000.00","quora.com/What-are-best-public-dataset-for-facial-expression-classification","847.78","l.facebook.com/l.php","821.49","web.whatsapp.com","771.59","reddit.com/r/ethdev/comments/a4ubkq/hiring_backend_developer_ninja_nodejs_typescript","763.44","facebook.com/groups/vno.mmo","658.08","airdropsmob.com/escrowblock-escb/#ref49231","622.60","youtube.com/feed/subscriptions","584.29","medium.com/temcolabs/register-for-temcos-kyc-b7be009bd1b7","580.80","","","cryptocoinsnews.info","877.70","spojoy.com","793.60","garantmarket.net","206.40","bit-bonus.net","122.30",""
"","Newdex","135872.00","Newdex","40838.80","Newdex","24356.60","Newdex","26672.60","Newdex","22812.60","Newdex","9264.00","Newdex","12815.20","BitMax","5358.60","Bgogo","9177.00","Newdex","8453.40","Newdex","15517.20","Newdex","11695.80","BitMax","7163.12","Newdex","5905.80","BitMax","3682.32","Newdex","6986.60","BitMax","2344.96","Newdex","7642.80","Newdex","1698.40","Newdex","3512.60","","","nOS","12889.20","Newton Project","1352.61","FOAM Protocol","1364.76","Newdex","4753.65","Temco","3377.99","SOAR","1188.81","Temco","2858.24","Contents Protocol","1931.16","Kairos","2016.35","Newdex","1928.55","Kairos","679.14","nOS","491.28","Newdex","1226.79","BitMax","1220.26","Newdex","1161.00","weBloc Protocol","413.00","Contentos","911.46","Newdex","543.09","FOAM Protocol","789.99","Midas Protocol","737.62","","","FOAM Protocol","1146.36","Neonexchange","2546.56","Neonexchange","2546.56","Contentos","1000.65","FOAM Protocol","1478.05","Liquidity Network","1000.00","Vite","1000.00","Kleros","1000.00","Hedera Hashgraph","1000.00","PDX","1000.00","Midas Protocol","1000.00","SOAR","1000.00","Kairos","847.78","DFINITY","399.00","Newton Project","454.70","0xcert Protocol","763.44","DACC","658.08","Verasity","622.60","BitMax","584.29","Temco","580.80","","","Mandala","877.70","Temco","793.60","Temco","206.40","Mandala","122.30",""
"","BitMax","29870.76","BitMax","6604.36","Neonexchange","3806.88","BitMax","1813.68","BitMax","3563.24","BitMax","5761.64","Bgogo","4485.00","Newdex","5133.80","BitMax","7382.96","Neonexchange","7139.96","Neonexchange","927.00","BitMax","2857.92","Newdex","5211.00","FOAM Protocol","1728.90","Newdex","1428.20","Neonexchange","597.40","Newdex","1196.60","FOAM Protocol","365.67","Neonexchange","1577.96","DFINITY","559.61","","","Quadrant Protocol","5442.00","Contentos","1047.86","Beam","976.25","","","FOAM Protocol","406.47","Contents Protocol","798.38","Neonexchange","382.40","Beam","362.25","","","","","Origin Protocol","415.88","Ultrain","289.20","","","","","","","Cryptyk","413.00","","","Vite","233.94","","","","","","","BitMax","1115.71","FOAM Protocol","225.09","FOAM Protocol","164.41","Newdex","562.20","","","","","","","","","","","","","","","","","","","Contents Protocol","184.80","FOAM Protocol","270.19","","","","","","","","","","","","","","","","","","","","",""
"","Beam","5814.20","FOAM Protocol","4371.21","Vite","1519.19","Neonexchange","786.92","Bgogo","1101.00","Sparkster","2555.49","Contentos","1907.50","Neonexchange","4618.52","Newdex","1389.60","Trust Platform","1000.00","FOAM Protocol","247.86","Kairos","504.90","Contentos","2036.12","BitMax","925.16","Bgogo","1140.00","Beam","259.00","Kairos","761.40","DFINITY","273.92","FOAM Protocol","1242.36","Neonexchange","506.76","","","Kambria","4523.40","SOAR","1043.55","Sparkster","871.80","","","ShareRing","214.10","weBloc Protocol","391.80","Bgogo","98.55","Temco","271.04","","","","","Beam","354.75","Quadrant Protocol","266.40","","","","","","","Verasity","141.80","","","BitMax","39.22","","","","","","","Mandala","1000.00","","","","","Bgogo","441.10","","","","","","","","","","","","","","","","","","","Kambria","110.76","DFINITY","46.70","","","","","","","","","","","","","","","","","","","","",""
"","Bgogo","1956.00","Mandala","3263.04","BitMax","1319.04","Ultrain","506.70","Temco","1063.14","Bgogo","1554.00","Midas Protocol","1095.08","FOAM Protocol","1297.44","Neonexchange","247.20","Bgogo","519.00","Temco","220.90","Beam","399.00","Mandala","136.32","Neonexchange","885.80","DACC","389.88","Ultrain","178.20","Neonexchange","490.28","Ultrain","204.30","BitMax","1145.00","BitMax","357.24","","","CryptoCurve","4523.40","Hedera Hashgraph","762.00","Origin Protocol","779.59","","","Bgogo","102.60","Cryptyk","391.80","ShareRing","86.30","Newdex","221.88","","","","","Newdex","105.78","SOAR","122.31","","","","","","","","","","","","","","","","","","","nOS","1000.00","","","","","Kairos","249.28","","","","","","","","","","","","","","","","","","","CryptoCurve","110.76","","","","","","","","","","","","","","","","","","","","","","",""
"","Newton Project","1320.60","Neonexchange","3139.44","Beam","585.20","DFINITY","206.51","Contents Protocol","507.25","Contentos","942.85","DFINITY","958.72","Bgogo","597.00","Ultrain","223.20","DFINITY","395.90","Verasity","120.56","Neonexchange","329.60","Beam","131.60","Origin Protocol","727.90","Sparkster","368.08","Bgogo","90.00","DFINITY","399.11","Contentos","182.03","Vite","551.69","Quadrant Protocol","262.90","","","BitMax","4457.76","Kambria","711.00","Neonexchange","613.12","","","Covalent","73.34","DFINITY","241.00","Quadrant Protocol","76.20","Kambria","81.60","","","","","DACC","53.10","Neonexchange","73.28","","","","","","","","","","","","","","","","","","","CryptoCurve","701.40","","","","","Covalent","136.10","","","","","","","","","","","","","","","","","","","Contentos","16.17","","","","","","","","","","","","","","","","","","","","","","",""
"","DFINITY","1164.16","Kairos","2370.60","Temco","581.86","Bgogo","201.00","DACC","197.79","Neonexchange","840.48","Ultrain","697.95","DFINITY","502.90","FOAM Protocol","214.20","Kairos","308.70","Origin Protocol","110.78","FOAM Protocol","163.71","Kairos","127.80","Liquidity Network","241.38","Temco","318.66","Verasity","85.58","Contentos","379.32","Contents Protocol","85.50","DFINITY","390.55","FOAM Protocol","237.15","","","Bgogo","1636.47","CryptoCurve","711.00","DFINITY","224.50","","","Kleros","71.28","FOAM Protocol","224.40","BitMax","72.52","CryptoCurve","81.60","","","","","Kleros","27.90","weBloc Protocol","6.60","","","","","","","","","","","","","","","","","","","Kambria","701.40","","","","","","","","","","","","","","","","","","","","","","","","","","","","","","","","","","","","","","","","","","","","","","","","",""
"","Ultrain","1052.55","Beam","2287.60","DFINITY","546.77","Mandala","170.88","FOAM Protocol","119.34","DACC","570.57","CryptoCurve","696.60","Ankr Network","346.08","DFINITY","196.88","Kambria","174.42","BitMax","109.92","DFINITY","142.31","Bgogo","84.00","Kairos","196.20","FOAM Protocol","194.31","Kairos","82.80","Beam","357.00","","","Mandala","355.20","Bgogo","231.00","","","FOAM Protocol","1539.69","DFINITY","625.00","Mandala","208.60","","","Ultrain","67.80","Temco","170.17","Contents Protocol","5.32","Mandala","57.10","","","","","","","Cryptyk","6.60","","","","","","","","","","","","","","","","","","","weBloc Protocol","628.40","","","","","","","","","","","","","","","","","","","","","","","","","","","","","","","","","","","","","","","","","","","","","","","","",""
"","FOAM Protocol","1008.27","DFINITY","2023.37","Liquidity Network","463.05","Verasity","164.34","Kairos","104.40","Temco","504.78","Kambria","696.60","Liquidity Network","309.15","Kairos","196.20","CryptoCurve","174.42","DFINITY","104.86","ShareRing","90.60","Temco","72.38","Temco","181.42","Mandala","190.08","Kambria","67.23","Mandala","344.64","","","Beam","281.40","CryptoCurve","181.17","","","Covalent","1291.62","Beam","597.50","Contentos","196.46","","","Mandala","53.60","Liquidity Network","148.48","","","Neonexchange","55.68","","","","","","","","","","","","","","","","","","","","","","","","","","","Cryptyk","628.40","","","","","","","","","","","","","","","","","","","","","","","","","","","","","","","","","","","","","","","","","","","","","","","","",""
"","Contentos","988.63","Bgogo","1575.00","Kairos","448.20","Beam","137.20","Neonexchange","103.00","FOAM Protocol","488.07","BitMax","549.60","Kairos","260.10","Newton Project","169.26","weBloc Protocol","165.78","weBloc Protocol","91.26","Bgogo","81.00","Vite","55.90","Cryptyk","167.94","Neonexchange","181.28","CryptoCurve","67.23","Temco","325.24","","","Temco","175.78","Kambria","181.17","","","Liquidity Network","1153.28","weBloc Protocol","523.60","Verasity","138.80","","","Kambria","36.60","ShareRing","57.60","","","Origin Protocol","52.17","","","","","","","","","","","","","","","","","","","","","","","","","","","Contents Protocol","582.00","","","","","","","","","","","","","","","","","","","","","","","","","","","","","","","","","","","","","","","","","","","","","","","","",""
"","Covalent","804.80","Origin Protocol","1210.46","FOAM Protocol","425.34","FOAM Protocol","130.05","Ultrain","54.45","DFINITY","476.15","ShareRing","454.20","Cryptyk","250.29","DACC","107.16","Cryptyk","165.78","Cryptyk","91.26","Origin Protocol","55.68","Ankr Network","49.56","weBloc Protocol","167.94","DFINITY","141.24","Covalent","66.56","Origin Protocol","317.26","","","Ultrain","168.75","Newton Project","134.54","","","BitScreener","1000.00","Cryptyk","523.60","Kairos","112.70","","","CryptoCurve","36.60","Mandala","53.60","","","","","","","","","","","","","","","","","","","","","","","","","","","","","","","DFINITY","554.30","","","","","","","","","","","","","","","","","","","","","","","","","","","","","","","","","","","","","","","","","","","","","","","","",""
