"",geographyRank,"","","","","","","","","","","","","","","","","","","","","","","","","","","","","","","","","","","","","","","","","",referralRank,"","","","","","","","","","","","","","","","","","","","","","","","","","","","","","","","","","","","","","","","","",socialRank,"","","","","","","","","","","","","","","","","","","","","","","","","","","","","","","","","","","","","","","","","",adRank,"","","","","","","","","","","","","","","","","","","","","","","",""
"","#1","","#2","","#3","","#4","","#5","","#6","","#7","","#8","","#9","","#10","","#11","","#12","","#13","","#14","","#15","","#16","","#17","","#18","","#19","","#20","","","","#1","","#2","","#3","","#4","","#5","","#6","","#7","","#8","","#9","","#10","","#11","","#12","","#13","","#14","","#15","","#16","","#17","","#18","","#19","","#20","","","","#1","","#2","","#3","","#4","","#5","","#6","","#7","","#8","","#9","","#10","","#11","","#12","","#13","","#14","","#15","","#16","","#17","","#18","","#19","","#20","","","","#1","","#2","","#3","","#4","","#5","","#6","","#7","","#8","","#9","","#10","","#11","","#12","",""
"","United States","92238.86","Russia","88331.10","China","75155.89","Vietnam","63842.86","Brazil","39282.45","United Kingdom","28728.19","Germany","26081.44","Ukraine","24067.84","India","20596.52","Turkey","19836.45","Netherlands","17242.76","Canada","14077.67","Thailand","13875.94","France","12169.35","Italy","12017.18","Norway","10809.34","Korea, Republic of","9684.93","Singapore","9451.60","Australia","9439.92","Belarus","9016.45","","","icodrops.com","92477.49","medium.com","12587.18","candy.block18.io","11511.72","ndapp.org","10194.54","coinmarketcap.com","7802.76","bitcointalk.org","7798.21","icomarket.io","5088.34","bounty.global","4640.48","github.com","3731.94","app.opentoken.com","3364.43","icobench.com","3143.92","etherscan.io","3082.44","cryptodiffer.com","2836.03","investing.com","2797.36","tutellus.com","2755.20","icohotlist.com","1910.55","icoalert.com","1880.36","weworkremotely.com","1757.84","airdrop.farm","1597.32","ttrcoin.com","1505.20","","","youtube.com/watch","49740.65","facebook.com","15675.77","web.whatsapp.com","4980.82","l.facebook.com/l.php","3086.26","facebook.com/quadrantprotocol","2005.06","vk.com/im","2003.85","twitter.com","1830.26","youtube.com","1765.81","twitter.com/neonexchange","1444.48","reddit.com/r/NEO/comments/9ard2g/nex_finally_got_approved_token_sale_starts_on_sep","1340.16","youtube.com/feed/subscriptions","1239.51","youtube.com/redirect","1098.07","web.telegram.org/#/im","1070.57","linkedin.com/mynetwork/invite-sent/marlene-gagesch-8b8a219","1000.00","reddit.com/r/ShareRing/comments/8u8e65/welcome_to_sharering_your_allinone_guide","1000.00","facebook.com/MoonX333","933.20","twitter.com/OrigoNetwork/status/1024457768843980800","836.16","hirevibes.io","834.10","mail.google.com/mail/u/0/#inbox","821.70","reddit.com/r/Vechain/comments/98qrdf/check_your_vechainthor_wallets","657.02","","","coinmarketcap.com","1000.00","boards.4chan.org","1000.00","yts.gg","618.50","s-pravdoy.com","500.00","zastpoyka.ru","500.00","etalon.one","363.50","happycoin.club","307.40","emuparadise.me","190.80","adpro.futurenet.club","190.80","profitgid.ru","47.00","mining.alekseirubin.com","47.00","coingecko.com","47.00",""
"","Hedera Hashgraph","10586.80","Origo Network","12956.13","BitMax","16626.17","Midas Protocol","13776.72","Sparkster","9163.51","Neonexchange","5909.62","Neonexchange","6751.32","Origo Network","4170.77","Neonexchange","2666.86","FarmaTrust","3500.58","Neonexchange","2932.66","Neonexchange","1585.94","Neonexchange","3792.08","Neonexchange","1594.80","Moonlight","3390.16","Neonexchange","5847.60","Bgogo","1615.41","BitMax","2139.07","Bgogo","909.03","Origo Network","1496.47","","","Bgogo","10740.08","Neonexchange","4847.20","CryptoCurve","5755.86","Neonexchange","9951.36","Vite","2543.75","Quadrant Protocol","5420.20","FOAM Protocol","667.08","Bgogo","4640.48","Kairos","996.30","Ankr Network","1739.64","FarmaTrust","513.54","Quadrant Protocol","1104.54","Neonexchange","426.32","Asura Coin","2507.00","Tutellus","2755.20","Hedera Hashgraph","1028.09","FOAM Protocol","1657.84","Neonexchange","1757.84","CryptoCurve","798.66","Tutellus","1413.72","","","Sparkster","17139.84","Midas Protocol","3840.21","CryptoCurve","1736.46","CryptoCurve","1321.65","Quadrant Protocol","2005.06","Blockcloud","334.08","Sparkster","573.54","Blockcloud","472.99","Neonexchange","1444.48","Neonexchange","1340.16","Sparkster","1239.51","Yumerium","1083.85","Yumerium","497.67","Emotiq","1000.00","ShareRing","1000.00","MoonX","933.20","Origo Network","836.16","Iryo Network","834.10","CryptoCurve","410.85","OCEANEX","657.02","","","Bgogo","1000.00","Hedera Hashgraph","1000.00","Opiria & PDATA","618.50","ShareRing","500.00","ShareRing","500.00","FarmaTrust","363.50","FarmaTrust","307.40","Opiria & PDATA","190.80","Opiria & PDATA","190.80","FarmaTrust","47.00","FarmaTrust","47.00","FarmaTrust","47.00",""
"","Neonexchange","8479.02","Blockcloud","11316.48","Neonexchange","12616.64","CryptoCurve","13776.72","Hedera Hashgraph","5950.80","Hedera Hashgraph","2158.40","Origo Network","2497.91","Blockcloud","2728.08","Moonlight","2398.16","Neonexchange","2099.82","OCEANEX","1714.77","Verasity","1407.60","Newton Project","2839.20","Carry Protocol","1518.75","Sparkster","1711.90","Origo Network","3414.00","BitMax","1213.36","Quadrant Protocol","1691.90","Neonexchange","806.26","Blockcloud","1385.09","","","Neonexchange","9101.64","Origin Protocol","2491.85","Midas Protocol","5755.86","Moonlight","243.18","DAEX (Digital Assets Exchange)","2433.40","DAEX (Digital Assets Exchange)","714.84","FarmaTrust","584.28","","","Origin Protocol","954.65","Origo Network","1509.45","FOAM Protocol","403.92","FarmaTrust","674.46","Bgogo","386.40","Yumerium","290.36","","","Origin Protocol","439.20","Verasity","120.68","","","Midas Protocol","798.66","DxChain","54.52","","","Hedera Hashgraph","6696.68","CryptoCurve","3840.21","Midas Protocol","1736.46","Midas Protocol","1321.65","","","Bgogo","312.90","Neonexchange","522.24","Hedera Hashgraph","310.88","","","","","","","Sparkster","14.22","CryptoCurve","274.23","","","","","","","","","","","Midas Protocol","410.85","","","","","","","","","","","","","","","","","","","","","","","","","","","","",""
"","FOAM Protocol","6672.60","BitMax","6814.69","Bgogo","7891.77","Bgogo","7005.90","Bgogo","5523.66","BitMax","1982.17","Blockcloud","1591.38","Sparkster","2080.12","Sparkster","2167.33","Origo Network","1780.97","Bgogo","1540.14","Moonlight","1269.76","Bgogo","1540.14","Bgogo","1488.03","Neonexchange","921.44","Vite","478.04","Carry Protocol","993.87","Neonexchange","770.82","BitMax","711.28","Ankr Network","837.20","","","Ankr Network","8439.42","OCEANEX","987.00","","","","","0xcert Protocol","965.39","Newton Project","552.51","DREP","562.80","","","AERGO","896.44","AERGO","115.34","Sparkster","383.88","DxChain","602.04","Carry Protocol","263.41","","","","","DREP","291.48","Liquidity Network","101.84","","","","","Blockcloud","36.96","","","Contentos","2822.40","Yumerium","1729.92","Sparkster","1232.40","Moonlight","252.56","","","Ankr Network","307.78","Blockcloud","424.56","DFINITY","270.14","","","","","","","","","Midas Protocol","274.23","","","","","","","","","","","","","","","","","","","","","","","","","","","","","","","","","","","","","","","","",""
"","BitMax","6459.05","Bgogo","6571.65","Blockcloud","5519.31","BitMax","6260.31","Midas Protocol","3726.40","Carry Protocol","1944.00","Moonlight","1364.00","Bgogo","1499.61","Kairos","1789.32","Moonlight","1706.24","Blockcloud","1465.08","Hedera Hashgraph","1235.00","Origo Network","1200.59","Origo Network","995.75","Origo Network","716.94","OCEANEX","257.69","Neonexchange","788.54","Origin Protocol","632.46","Hedera Hashgraph","680.20","Moonlight","451.36","","","Hedera Hashgraph","8007.93","DFINITY","656.82","","","","","DxChain","885.66","Sparkster","480.48","DxChain","549.26","","","DxChain","562.60","","","DxChain","339.30","FOAM Protocol","185.64","Hedera Hashgraph","218.12","","","","","Carry Protocol","83.78","","","","","","","","","","","Bgogo","2740.50","Sparkster","1568.94","Metadium","275.50","Carry Protocol","123.60","","","Lambda","255.70","Origo Network","309.92","Sparkster","203.82","","","","","","","","","Origo Network","24.44","","","","","","","","","","","","","","","","","","","","","","","","","","","","","","","","","","","","","","","","",""
"","DFINITY","5594.99","Carry Protocol","6106.59","Lambda","4799.64","Yumerium","3648.20","CryptoCurve","3726.40","Origo Network","1411.12","Ankr Network","1266.72","Ankr Network","1379.56","Bgogo","1036.41","Sparkster","1337.22","Hedera Hashgraph","1212.20","Bgogo","966.93","Moonlight","741.52","Hedera Hashgraph","881.60","ShareRing","634.60","Moonlight","220.72","Ankr Network","582.40","Bgogo","497.94","Vite","556.48","Bgogo","445.83","","","DFINITY","6805.59","Bgogo","557.52","","","","","FarmaTrust","790.56","Yumerium","304.92","Asura Coin","546.50","","","0xcert Protocol","186.77","","","DAEX (Digital Assets Exchange)","272.32","DAEX (Digital Assets Exchange)","167.44","Ankr Network","206.34","","","","","Blockcloud","36.96","","","","","","","","","","","Newton Project","1937.20","Hedera Hashgraph","1477.84","","","MoonX","66.80","","","Sparkster","163.53","","","Kairos","190.12","","","","","","","","","","","","","","","","","","","","","","","","","","","","","","","","","","","","","","","","","","","","","","","","","","",""
"","Ankr Network","5394.48","Neonexchange","4757.82","Ankr Network","4528.16","Carry Protocol","2310.93","Usechain","1804.32","DFINITY","1405.32","Hedera Hashgraph","1094.40","Neonexchange","1240.40","Ankr Network","975.52","Carry Protocol","1268.46","Origo Network","1120.93","Origo Network","768.15","Blockcloud","673.60","Kairos","706.80","Hedera Hashgraph","585.20","Hedera Hashgraph","178.60","Origo Network","443.82","Blockcloud","471.52","Blockcloud","530.46","Vite","352.24","","","Origo Network","5657.61","Carry Protocol","487.77","","","","","Bgogo","184.00","Vite","99.00","SOAR","545.70","","","Carry Protocol","69.58","","","Carry Protocol","243.53","CryptoCurve","162.00","Origo Network","197.49","","","","","Neonexchange","23.36","","","","","","","","","","","Verasity","1536.46","FOAM Protocol","830.25","","","","","","","Neonexchange","156.80","","","Origo Network","135.20","","","","","","","","","","","","","","","","","","","","","","","","","","","","","","","","","","","","","","","","","","","","","","","","","","",""
"","Bgogo","5043.09","Sparkster","4638.28","Origo Network","3641.60","Ankr Network","2220.40","Neonexchange","1780.86","Kairos","1197.84","FOAM Protocol","914.10","Carry Protocol","1222.29","Lambda","934.62","Kairos","1151.34","DFINITY","733.73","FOAM Protocol","740.85","Ankr Network","505.96","DFINITY","530.58","Ankr Network","556.92","Liquidity Network","127.51","AERGO","341.96","DFINITY","377.62","OCEANEX","474.50","Midas Protocol","317.84","","","Moonlight","5177.97","Kairos","343.99","","","","","","","Ankr Network","87.78","Mandala","545.70","","","nOS","65.60","","","Verasity","220.92","Midas Protocol","162.00","nOS","192.80","","","","","Codex Protocol","7.68","","","","","","","","","","","Origo Network","1222.00","Tutellus","487.00","","","","","","","Liquidity Network","111.20","","","Carry Protocol","81.70","","","","","","","","","","","","","","","","","","","","","","","","","","","","","","","","","","","","","","","","","","","","","","","","","","",""
"","Origo Network","3931.79","Ankr Network","4448.08","DFINITY","2330.25","Neonexchange","1647.96","Contentos","1706.14","Bgogo","1169.58","DFINITY","755.24","Moonlight","815.92","Origo Network","796.60","Vite","956.08","Ankr Network","637.00","DFINITY","664.42","DREP","487.60","Lambda","500.61","Verasity","529.00","DREP","62.01","MoonX","338.94","FOAM Protocol","292.05","Origo Network","438.13","CryptoCurve","317.84","","","Carry Protocol","5144.66","Tutellus","299.88","","","","","","","Opiria & PDATA","86.00","Opiria & PDATA","545.00","","","","","","","Quadrant Protocol","124.64","0xcert Protocol","24.32","Kambria","176.10","","","","","","","","","","","","","","","","","Yumerium","1155.93","DFINITY","459.94","","","","","","","Origo Network","109.20","","","Moonlight","60.06","","","","","","","","","","","","","","","","","","","","","","","","","","","","","","","","","","","","","","","","","","","","","","","","","","",""
"","Moonlight","3722.48","Moonlight","3184.32","Vite","2273.28","Origo Network","1320.08","Kairos","1538.22","Ankr Network","1044.68","Metadium","618.86","Usechain","707.04","Yumerium","784.16","Hedera Hashgraph","687.80","Lambda","632.70","Origin Protocol","525.78","BitMax","439.32","FOAM Protocol","440.55","Vite","374.44","Ankr Network","61.88","Yumerium","335.24","Ankr Network","254.80","FOAM Protocol","400.95","BitMax","298.11","","","AERGO","4475.63","Verasity","278.60","","","","","","","Verasity","27.72","Quadrant Protocol","542.02","","","","","","","Newton Project","119.91","","","Emotiq","162.96","","","","","","","","","","","","","","","","","Opiria & PDATA","1000.00","Bgogo","399.70","","","","","","","SOAR","67.90","","","Metadium","40.90","","","","","","","","","","","","","","","","","","","","","","","","","","","","","","","","","","","","","","","","","","","","","","","","","","",""
"","Origin Protocol","3722.37","DFINITY","1668.22","Ultrain","2229.04","DFINITY","1261.92","Yumerium","829.40","Origin Protocol","796.29","Carry Protocol","614.79","BitMax","706.05","Hedera Hashgraph","611.80","CryptoCurve","575.40","Vite","537.24","DxChain","524.16","Usechain","316.80","Ankr Network","436.80","Kairos","312.48","SOAR","42.50","Metadium","305.66","Vite","220.52","Verasity","400.20","Carry Protocol","296.46","","","nOS","2901.20","Iryo Network","258.00","","","","","","","DFINITY","7.38","","","","","","","","","Yumerium","104.72","","","AERGO","147.46","","","","","","","","","","","","","","","","","nOS","999.00","OCEANEX","393.90","","","","","","","Mandala","67.90","","","","","","","","","","","","","","","","","","","","","","","","","","","","","","","","","","","","","","","","","","","","","","","","","","","","","","",""
