Binance,BTC/USDT,"$100,420,055",EOS/USDT,"$76,707,167",XRP/USDT,"$52,792,154",ETH/BTC,"$36,035,218",XRP/BTC,"$33,711,013",ETH/USDT,"$29,745,676",BCC/USDT,"$25,216,721",EOS/BTC,"$24,663,649",BCC/BTC,"$22,056,432",TRX/USDT,"$21,002,850"
ZB.COM,DASH/BTC,"$105,508,882",BCC/ZB,"$66,458,273",DASH/USDT,"$64,721,039",DASH/ZB,"$62,107,746",BTC/USDT,"$55,530,472",NEO/BTC,"$54,929,486",LTC/ZB,"$51,552,546",XRP/BTC,"$50,887,102",LTC/USDT,"$49,987,967",XRP/ZB,"$36,936,842"
OKEx,BTC/USDT,"$105,746,582",EOS/USDT,"$79,978,705",ETH/USDT,"$53,745,738",BCH/USDT,"$27,793,866",ETC/USDT,"$20,579,229",ETC/BTC,"$19,754,533",ETH/BTC,"$18,390,406",XRP/USDT,"$16,635,298",BCH/BTC,"$16,381,718",TRX/BTC,"$11,274,556"
Huobi,EOS/USDT,"$47,070,384",ETH/USDT,"$43,320,652",BTC/USDT,"$40,663,448",EOS/BTC,"$28,306,176",BCH/USDT,"$26,743,615",XRP/BTC,"$25,544,648",ETH/BTC,"$21,388,355",XRP/USDT,"$19,224,470",EOS/ETH,"$18,583,729",TRX/USDT,"$12,761,852"
HitBTC,BTC/USDT,"$69,340,957",ETH/BTC,"$58,948,968",XRP/USDT,"$48,034,863",ETH/USDT,"$44,987,492",XRP/BTC,"$28,305,573",EOS/USDT,"$26,056,420",BCH/BTC,"$16,690,044",BCH/USDT,"$11,347,958",LTC/USDT,"$10,791,984",DASH/USDT,"$6,061,759"
Bithumb,BTC/KRW,"$159,762,136",XRP/KRW,"$23,115,241",BCH/KRW,"$16,892,346",LTC/KRW,"$16,822,015",ZEC/KRW,"$16,021,787",ETC/KRW,"$14,682,779",BTG/KRW,"$14,468,115",OMG/KRW,"$14,313,588",EOS/KRW,"$11,316,053",XMR/KRW,"$8,412,446"
LBank,ZEC/ETH,"$90,484,961",EOS/ETH,"$41,032,695",BTC/USDT,"$24,733,001",ZEC/BTC,"$14,445,660",QTUM/BTC,"$14,299,844",ETH/BTC,"$12,405,306",PST/ETH,"$9,425,065",CMT/BTC,"$9,106,897",CMT/ETH,"$7,742,602",DASH/BTC,"$7,384,017"
Bitfinex,BTC/USD,"$63,297,958",USDT/USD,"$38,484,026",EOS/USD,"$34,172,345",ETH/USD,"$31,262,266",XRP/USD,"$21,320,897",BCH/USD,"$7,510,285",BTC/EUR,"$7,328,206",LTC/USD,"$4,049,700",MIOTA/USD,"$3,230,885",ETH/BTC,"$2,429,853"
Bibox,ETH/BTC,"$22,998,158",LTC/USDT,"$18,116,337",NEO/BTC,"$12,603,980",LTC/BTC,"$12,173,131",NEO/USDT,"$11,625,643",BIX/ETH,"$11,377,175",EOS/USDT,"$10,345,099",DASH/BTC,"$8,487,035",QTUM/BTC,"$7,840,315",QTUM/USDT,"$6,527,288"
BCEX,BTC/CKUSD,"$21,186,743",ETH/CKUSD,"$20,774,607",ETH/BTC,"$18,733,278",QTUM/BTC,"$14,351,303",ETC/CKUSD,"$9,395,225",LTC/BTC,"$9,177,089",ZEC/BTC,"$8,895,815",XRP/CKUSD,"$8,581,349",LTC/CKUSD,"$8,282,413",EOS/ETH,"$7,410,870"
Bit-Z,BTC/USDT,"$40,448,776",ETH/BTC,"$28,289,361",ETH/USDT,"$17,357,739",TRX/BTC,"$13,935,344",BZ/BTC,"$11,220,381",BZ/ETH,"$10,312,813",LTC/BTC,"$9,461,434",BZ/USDT,"$7,760,610",DASH/BTC,"$3,491,943",ZEC/BTC,"$2,791,548"
Upbit,XRP/KRW,"$31,283,926",BTC/KRW,"$21,725,424",TRX/KRW,"$16,157,786",EOS/KRW,"$15,643,996",ETH/KRW,"$9,326,280",ADA/KRW,"$5,881,523",BCH/KRW,"$4,064,414",SALT/BTC,"$4,019,497",IHT/BTC,"$3,591,830",XLM/KRW,"$2,215,961"
IDAX,BTC/USDT,"$67,662,908",EOS/BTC,"$29,951,401",ETH/USDT,"$16,734,737",ETH/BTC,"$10,724,605",TRX/ETH,"$9,304,377",APIS/BTC,"$4,373,383",EOS/ETH,"$2,691,219",NER/BTC,"$1,114,829",TIC/ETH,"$852,167",RET/BTC,"$715,520"
CoinsBank,BTC/EUR,"$76,783,434",BTC/USD,"$54,439,085",BTC/GBP,"$6,621,276",LTC/USD,"$4,845,192",LTC/BTC,"$4,029,888",LTC/EUR,"$3,635,820"
IDCM,BTC/USDT,"$80,562,199",ETH/USDT,"$29,038,663",BCH/USDT,"$9,027,526",EOS/USDT,"$6,796,429",LTC/USDT,"$3,805,248",NEO/USDT,"$2,720,319",NEO/BTC,"$2,656,834",ETC/USDT,"$1,841,394",ETH/BTC,"$1,799,021",EOS/BTC,"$1,419,849"
DigiFinex,EOS/USDT,"$19,709,885",BTC/USDT,"$14,627,840",ETH/USDT,"$13,725,758",BCH/USDT,"$12,045,562",EOS/BTC,"$11,910,800",EOS/ETH,"$8,364,731",ETH/BTC,"$6,825,286",BCH/BTC,"$6,619,298",XRP/USDT,"$6,572,471",ETC/USDT,"$3,415,980"
OEX,BTC/CNY,"$68,753,121",ETH/CNY,"$20,343,801",ETH/BTC,"$18,629,797",EOS/BTC,"$12,345,247",TRUE/CNY,"$6,314,129",TRUE/BTC,"$5,728,859",IHT/BTC,"$1,171,313",TV/BTC,"$1,109,601",PGT/BTC,"$466,705",CTC/BTC,"$279,517"
TOPBTC,ETH/CNY,"$23,157,543",BTC/CNY,"$20,603,137",EOS/CNY,"$15,337,683",ETH/BTC,"$7,838,225",LTC/CNY,"$5,928,390",ETP/CNY,"$5,763,918",LTC/BTC,"$4,367,002",BCH/CNY,"$3,118,516",INK/CNY,"$2,593,147",ETH/USDT,"$1,357,725"
RightBTC,LTC/BTC,"$24,490,830",ETH/BTC,"$21,313,684",EOS/BTC,"$14,908,365",ETC/BTC,"$13,371,805",BCH/BTC,"$12,049,920",EOS/ETH,"$3,006,518",ETH/USD,"$447,896",NANO/BTC,"$96,357",ETP/BTC,"$85,563",BTC/USD,"$59,016"
Allcoin,BTC/CKUSD,"$22,740,046",BCH/BTC,"$13,778,020",QTUM/BTC,"$13,170,604",ETH/CKUSD,"$10,269,864",QTUM/CKUSD,"$9,962,643",ETH/BTC,"$7,719,328",AIDOC/ETH,"$220,620",QBT/QTUM,"$51,497",OC/BTC,"$17,623",SHE/ETH,"$13,532"
Coinsuper,BTC/USD,"$51,747,434",ETH/USD,"$8,135,512",BCH/USD,"$6,156,403",LTC/USD,"$5,983,367",ETC/USD,"$3,657,561",UST/ETH,"$463,499",UST/BTC,"$330,350",ETP/ETH,"$238,731",ETP/BTC,"$227,535",TMTG/BTC,"$161,406"
Coinbase Pro,BTC/USD,"$35,410,028",ETH/USD,"$13,216,503",BTC/EUR,"$4,501,218",LTC/USD,"$3,998,075",BCH/USD,"$3,790,269",ETH/EUR,"$1,863,028",BTC/GBP,"$1,725,600",ETH/BTC,"$1,250,358",ETC/USD,"$743,874",BCH/EUR,"$621,536"
Simex,BTC/USD,"$41,622,126",ETH/USD,"$18,088,728",ETH/BTC,"$5,610,403",BKX/USD,"$595,725",LTC/USD,"$436,477",MLC/USD,"$109,388",DIVX/USD,"$105,667",MLC/ETH,"$6,085",DIVX/BTC,"$77"
Cryptonex,BTC/USD,"$19,601,760",BTC/EUR,"$11,196,586",ETH/USD,"$5,667,583",ETH/EUR,"$3,128,605",BTC/CNY,"$2,805,305",BTC/RUB,"$2,387,077",BTC/KRW,"$2,190,297",BTC/JPY,"$1,748,124",BTC/INR,"$1,498,627",CNX/BTC,"$1,313,300"
Bitbank,XRP/JPY,"$51,999,218",BTC/JPY,"$8,567,284",BCC/JPY,"$1,548,121",MONA/JPY,"$297,601",ETH/BTC,"$258,885",BCC/BTC,"$62,856",LTC/BTC,"$25,105",MONA/BTC,"$13,888"
Kraken,BTC/EUR,"$15,317,487",BTC/USD,"$11,500,664",ETH/USD,"$8,519,823",ETH/EUR,"$4,053,691",XRP/EUR,"$3,209,947",XRP/USD,"$2,130,040",BTC/CAD,"$1,190,702",USDT/USD,"$1,118,482",BCH/EUR,"$1,101,279",ETH/BTC,"$939,268"
Gate.io,IHT/USDT,"$5,494,765",OCN/USDT,"$4,748,873",EOS/USDT,"$4,018,725",DOGE/USDT,"$3,993,855",ETH/USDT,"$3,591,453",GTC/USDT,"$2,489,345",BCD/USDT,"$2,035,672",SKM/USDT,"$1,932,347",BTC/USDT,"$1,870,487",XRP/USDT,"$1,350,716"
BitMart,BTC/USDT,"$10,110,960",XRP/ETH,"$7,257,148",ETH/BTC,"$4,602,658",XRP/BTC,"$3,997,280",EOS/USDT,"$3,733,659",NEO/USDT,"$3,695,388",NEO/ETH,"$3,223,324",XLM/BTC,"$3,102,698",ETH/USDT,"$2,381,704",NEO/BTC,"$2,064,111"
DragonEX,BTC/USDT,"$10,943,923",QTUM/USDT,"$5,268,089",INB/USDT,"$4,081,328",ETH/USDT,"$3,721,298",EOS/USDT,"$2,966,659",BCH/USDT,"$2,891,153",LTC/USDT,"$2,546,623",AE/ETH,"$1,292,969",ABT/USDT,"$1,243,725",ADA/USDT,"$1,230,236"
Kryptono,ETH/USDT,"$10,914,291",BTC/USDT,"$7,766,353",ETH/BTC,"$6,640,209",TRX/BTC,"$2,701,525",GTO/USDT,"$2,472,831",XLM/BTC,"$1,452,556",EOS/BTC,"$1,442,889",MEDX/BTC,"$1,231,203",TRX/ETH,"$1,224,138",GTO/BTC,"$1,221,841"
Bitstamp,BTC/USD,"$21,531,901",XRP/USD,"$6,210,051",BTC/EUR,"$5,759,546",ETH/USD,"$3,567,108",XRP/EUR,"$2,230,238",ETH/EUR,"$1,375,494",XRP/BTC,"$1,001,234",BCH/EUR,"$758,630",LTC/USD,"$673,643",LTC/EUR,"$596,940"
Fatbtc,BTC/CNY,"$25,832,527",BCH/CNY,"$3,750,670",ETH/CNY,"$3,386,137",ETH/BTC,"$2,662,759",EOS/CNY,"$934,706",LOOM/ETH,"$848,445",THETA/ETH,"$839,102",HOT/ETH,"$801,877",ZRX/ETH,"$537,326",DOGE/CNY,"$463,791"
Bittrex,SALT/BTC,"$2,918,307",IHT/BTC,"$2,869,494",SC/BTC,"$2,381,695",XRP/BTC,"$2,256,803",OCN/BTC,"$1,901,321",TRX/BTC,"$1,736,148",BTC/USDT,"$1,575,746",ADA/BTC,"$1,263,674",ETH/BTC,"$1,236,597",CRW/BTC,"$1,021,058"
UEX,BTC/USDT,"$16,170,337",BCH/BTC,"$6,726,079",BCH/USDT,"$5,767,558",ETH/BTC,"$4,683,932",ETH/USDT,"$4,333,299",TTC/ETH,"$478,084",MANA/ETH,"$350,812",KNT/ETH,"$207,068",LBA/ETH,"$129,198",FMF/ETH,"$124,276"
Exrates,DASH/BTC,"$5,489,363",BTC/USD,"$5,277,210",BCH/BTC,"$5,094,436",ETH/BTC,"$4,730,837",LTC/BTC,"$2,334,008",ETH/USD,"$1,809,738",XRP/BTC,"$1,561,262",XLM/BTC,"$1,303,130",NEO/BTC,"$1,281,229",XRP/USD,"$983,160"
CoinTiger,BTC/USDT,"$9,207,059",ETH/USDT,"$6,501,737",BTC/BITCNY,"$4,257,319",BCH/BTC,"$3,879,186",ETH/BITCNY,"$3,358,856",LTC/USDT,"$2,000,501",ETH/BTC,"$1,805,672",LTC/BTC,"$1,066,229",EOS/BTC,"$939,331",EOS/ETH,"$921,297"
BTCBOX,BTC/JPY,"$37,973,172"
LATOKEN,ETH/BTC,"$9,741,287",ETH/USDT,"$6,275,087",BTC/USDT,"$5,518,829",LA/BTC,"$4,123,625",LA/ETH,"$2,096,406",ATMI/ETH,"$790,944",PPT/ETH,"$752,995",MCO/ETH,"$536,593",SNT/ETH,"$498,898",LOCI/BTC,"$490,884"
Allbit,GTO/ETH,"$8,340,162",WTC/ETH,"$7,395,847",NPXS/ETH,"$5,107,863",DENT/ETH,"$4,992,873",ELF/ETH,"$4,477,192",LOOM/ETH,"$1,506,174",NEXO/ETH,"$1,327,010",FXT/ETH,"$821,426",ZPR/ETH,"$439,109",KIN/ETH,"$321,338"
Sistemkoin,BTC/TRY,"$5,106,049",ETH/TRY,"$4,418,614",LTC/TRY,"$4,209,337",XRP/TRY,"$4,023,631",BCH/TRY,"$2,986,377",USDT/TRY,"$1,749,422",ZEC/TRY,"$1,671,261",TRX/TRY,"$1,615,375",ETH/BTC,"$1,614,035",TRX/BTC,"$1,188,891"
Bytex,QTUM/USDT,"$33,549,633",ETH/USDT,"$15,057",BTC/USDT,"$11,999",BOT/USDT,"$574",BOE/USDT,"$265",BCH/USDT,"$42",QTUM/BTC,"$36",BOT/BTC,"$2",ETH/BTC,"$2",BOE/BTC,"$0"
YoBit,BCC/BTC,"$8,470,318",DASH/BTC,"$8,082,056",ZEC/BTC,"$5,549,605",ETH/BTC,"$3,611,158",LSK/BTC,"$2,418,753",LTC/BTC,"$1,199,196",NOAH/BTC,"$683,838",FTO/BTC,"$600,608",BTC/USD,"$332,437",FTO/USD,"$261,466"
OOOBTC,BTC/USDT,"$25,486,487",ETH/BTC,"$5,906,831",AE/ETH,"$154,918",ICX/BTC,"$22,238",ETH/USDT,"$11,991",DCR/BTC,"$5,148",AE/BTC,"$1,787",VIA/BTC,"$934",DGB/BTC,"$815",RHOC/BTC,"$558"
bitFlyer,BTC/JPY,"$30,477,023",ETH/BTC,"$336,777",BCH/BTC,"$58,097"
Bitlish,BTC/USD,"$19,324,526",XRP/EUR,"$5,750,079",ETH/USD,"$5,124,621",BTC/EUR,"$422,789",LTC/BTC,"$11,047",ETH/BTC,"$8,999",BTC/RUB,"$1,201",ETH/EUR,"$561",LTC/EUR,"$88",ETH/RUB,"$68"
CoinEgg,XRP/BTC,"$3,274,907",LTC/BTC,"$2,989,184",LTC/ETH,"$2,801,686",XLM/BTC,"$2,607,385",BCH/BTC,"$1,876,957",ETC/BTC,"$1,460,709",ETH/BTC,"$1,434,108",NEO/BTC,"$1,146,231",MAN/BTC,"$938,365",MAN/ETH,"$936,787"
Kucoin,MTC/BTC,"$11,526,627",MTC/ETH,"$1,247,009",CRPT/BTC,"$1,102,934",ETH/BTC,"$782,589",BTC/USDT,"$749,436",AOA/BTC,"$663,364",OCN/BTC,"$474,474",BU/ETH,"$439,781",GO/BTC,"$438,347",ETH/USDT,"$394,665"
B2BX,BTC/USDT,"$9,597,500",ETH/USDT,"$6,816,707",LTC/USDT,"$1,450,081",BCH/USDT,"$1,376,324",B2BX/USDT,"$891,366",XEM/BTC,"$883,673",BCH/ETH,"$802,758",DASH/USDT,"$730,089",BCH/BTC,"$708,636",ETH/BTC,"$560,695"
Gatecoin,BTC/USD,"$24,285,027",BTC/EUR,"$138,511",BTC/HKD,"$24,472",ETH/HKD,"$17,311",XTZ/BTC,"$15,361",ETH/EUR,"$15,118",ETH/USD,"$8,923",XTZ/EUR,"$7,216",BCH/BTC,"$4,664",LTC/BTC,"$4,629"
Exmo,BTC/USD,"$5,562,773",BTC/RUB,"$5,092,490",BTC/EUR,"$1,744,247",ETH/BTC,"$1,009,087",XRP/USD,"$713,637",ETH/USD,"$711,516",DASH/BTC,"$620,758",BTC/UAH,"$450,045",BCH/USD,"$434,314",DASH/USD,"$369,020"
Hotbit,ETH/BTC,"$1,912,756",BU/ETH,"$785,864",NEXO/BTC,"$740,870",NEXO/ETH,"$679,087",GOT/ETH,"$614,030",HOT/BTC,"$594,337",TOMO/ETH,"$583,308",NPXSXEM/ETH,"$571,470",HQX/BTC,"$531,603",LCS/BTC,"$456,542"
Poloniex,XRP/BTC,"$4,474,891",BTC/USDT,"$4,369,937",XRP/USDT,"$1,427,525",ETH/BTC,"$1,349,273",DOGE/BTC,"$1,338,284",ETH/USDT,"$940,479",XMR/BTC,"$873,290",SC/BTC,"$813,909",BCH/USDT,"$709,830",STR/BTC,"$437,335"
BitBay,XIN/BTC,"$14,759,735",BTC/PLN,"$3,239,963",ETH/PLN,"$603,261",BCC/PLN,"$373,483",XRP/PLN,"$189,246",LTC/PLN,"$91,827",BTC/USD,"$91,361",BTC/EUR,"$52,116",XMR/USD,"$43,813",LSK/PLN,"$40,188"
Rfinex,TRX/ETH,"$12,218,131",EOS/ETH,"$2,932,859",MAG/ETH,"$806,819",ICX/ETH,"$576,003",SDA/ETH,"$135,724",ATM/ETH,"$771",WICC/ETH,"$250",MXM/ETH,"$143",DATX/ETH,"$120",GVE/ETH,"$76"
Livecoin,BTC/USD,"$8,737,674",ETH/BTC,"$3,493,375",LTC/BTC,"$666,026",IPL/ETH,"$653,815",BCH/BTC,"$547,823",DASH/BTC,"$470,462",BCH/USD,"$248,148",ORME/BTC,"$180,846",BTC/RUR,"$174,900",EMC/BTC,"$152,327"
CPDAX,BTC/KRW,"$2,988,783",ETH/KRW,"$2,415,843",COSM/KRW,"$2,099,525",AUTO/KRW,"$1,801,488",MEDX/KRW,"$1,726,272",EOS/BTC,"$1,342,964",ETH/BTC,"$1,145,993",LTC/BTC,"$1,015,489",BAT/BTC,"$519,764",BCH/BTC,"$498,753"
Gemini,BTC/USD,"$10,290,387",ETH/USD,"$3,203,100",ZEC/USD,"$150,742",ETH/BTC,"$89,300",ZEC/BTC,"$61,380",ZEC/ETH,"$961"
C2CX,BTC/USDT,"$7,835,835",ETH/USDT,"$3,790,212",BCH/USDT,"$879,982",LTC/USDT,"$257,658",ETC/USDT,"$220,189",ETH/BTC,"$80,956",ZEC/USDT,"$66,595",EOS/BTC,"$62,667",BCH/BTC,"$49,352",DASH/USDT,"$39,375"
Coinone,XRP/KRW,"$4,180,039",BTC/KRW,"$3,892,725",ETH/KRW,"$1,989,100",BCH/KRW,"$787,620",EOS/KRW,"$622,545",IOTA/KRW,"$491,979",QTUM/KRW,"$217,367",ETC/KRW,"$170,253",ZIL/KRW,"$130,115",LTC/KRW,"$60,226"
InfinityCoin Exchange,XIN/BTC,"$12,414,058"
Coindeal,BTC/USD,"$4,598,106",ETH/BTC,"$3,967,596",BTC/GBP,"$1,993,086",FTO/BTC,"$954,831",BTC/EUR,"$122,424",TRX/BTC,"$122,300",XRP/BTC,"$88,435",BCH/BTC,"$77,220",EOS/BTC,"$37,369",FTO/EUR,"$30,265"
Coinbe,XIN/BTC,"$10,518,288",KBC/BTC,"$98,724",XIN/ETH,"$50,363",ICR/BTC,"$30,394",ETH/BTC,"$22,417",XMR/BTC,"$11,781",BCC/BTC,"$9,308",LTC/BTC,"$7,472",BCC/XIN,"$6,726",DASH/BTC,"$5,471"
BtcTrade.im,BCH/BTC,"$2,663,583",LTC/BTC,"$1,863,125",ETC/BTC,"$1,725,311",ETH/BTC,"$1,613,128",SBTC/BTC,"$1,083,757",DOGE/BTC,"$806,576",EOS/BTC,"$370,294",LBTC/BTC,"$216,973",UBTC/BTC,"$209,469",AIDOC/BTC,"$61,132"
BiteBTC,BTC/USD,"$4,314,914",ETH/USD,"$2,941,813",BCH/USD,"$1,395,705",LTC/USD,"$948,533",BENZ/ETH,"$127,160",THR/ETH,"$76,809",ZEC/USD,"$21,238",DASH/USD,"$19,625",ZEN/USD,"$16,697",AOG/BTC,"$4,490"
Coinroom,BTC/GBP,"$2,161,197",BTC/EUR,"$2,003,992",BTC/PLN,"$1,974,565",BTC/USD,"$1,765,437",BTC/TRY,"$118,878",ZEC/USD,"$118,183",ZEC/EUR,"$104,128",ZEC/GBP,"$101,956",DASH/USD,"$64,596",DASH/GBP,"$62,358"
HADAX,MAN/BTC,"$1,039,339",MAN/ETH,"$710,204",CNN/BTC,"$446,227",PNT/ETH,"$318,303",GSC/BTC,"$296,304",GSC/ETH,"$285,323",UC/BTC,"$237,363",GVE/BTC,"$225,751",CNN/ETH,"$223,815",GVE/ETH,"$214,968"
Coinhub,BTC/USD,"$5,711,782",BTC/SGD,"$2,043,621",ETH/USD,"$415,203",BCH/USD,"$210,661",BCH/BTC,"$200,075",ETH/BTC,"$177,041",ETH/SGD,"$140,188",ETC/BTC,"$13,525",XRP/BTC,"$9,707",XRP/ETH,"$8,996"
Korbit,BTC/KRW,"$3,762,834",XRP/KRW,"$2,859,207",ETH/KRW,"$1,134,061",BCH/KRW,"$519,316",ZIL/KRW,"$179,032",ETC/KRW,"$97,410",LTC/KRW,"$24,518",BTG/KRW,"$4,414"
Coinsquare,BTC/CAD,"$6,329,063",ETH/BTC,"$1,080,336",LTC/BTC,"$755,064",XRP/BTC,"$87,546",DOGE/BTC,"$14,988",BCH/BTC,"$6,747",DASH/BTC,"$2,468"
Bitsane,BTC/EUR,"$1,981,142",XRP/BTC,"$1,541,418",ETH/BTC,"$852,899",XRP/LTC,"$704,713",LTC/EUR,"$551,565",XRP/EUR,"$505,332",XRP/ETH,"$486,962",BCH/BTC,"$289,710",LTC/BTC,"$264,878",ETH/EUR,"$253,432"
Instant Bitex,ETH/BTC,"$1,314,208",BCH/BTC,"$863,913",XMR/BTC,"$751,146",XRP/BTC,"$689,078",LTC/BTC,"$624,553",DASH/BTC,"$615,670",ZEC/BTC,"$530,003",BTG/BTC,"$517,377",BTC/USDT,"$493,366",ETC/BTC,"$468,019"
MBAex,XRP/USDT,"$6,294,872",BTC/USDT,"$800,515",ETH/USDT,"$533,455",LTC/USDT,"$114,409",BCH/USDT,"$24,851",XRP/BTC,"$10,912",ETH/BTC,"$5,095",LTC/BTC,"$670",BCH/BTC,"$?"
Mercatox,ETH/BTC,"$1,293,675",LTC/BTC,"$815,354",DGTX/ETH,"$630,857",TRX/ETH,"$412,856",VERI/ETH,"$412,837",0xBTC/ETH,"$295,529",BCH/BTC,"$285,424",EOS/ETH,"$195,845",EOS/BTC,"$191,650",VERI/BTC,"$187,238"
Liqui,BTC/USDT,"$563,554",ETH/BTC,"$440,660",ETH/USDT,"$401,014",TRX/BTC,"$380,291",BMC/BTC,"$250,866",TRX/USDT,"$244,436",GNT/BTC,"$158,690",TRX/ETH,"$123,878",KNC/BTC,"$84,158",KNC/ETH,"$82,666"
CEX.IO,BTC/USD,"$1,609,279",BTC/EUR,"$921,524",XLM/USD,"$742,769",XLM/BTC,"$407,258",ETH/USD,"$383,641",BCH/USD,"$361,593",XRP/USD,"$347,887",XLM/EUR,"$334,803",BCH/BTC,"$198,155",BCH/EUR,"$175,543"
itBit,BTC/USD,"$5,615,269"
CoinBene,TMTG/BTC,"$900,777",PAL/ETH,"$707,474",EOS/USDT,"$641,038",ETH/USDT,"$545,711",ALI/ETH,"$293,720",MXM/ETH,"$220,997",ETH/BTC,"$206,163",KNT/ETH,"$170,043",UTNP/BTC,"$144,300",BTC/USDT,"$141,443"
Bitrue,LINK/ETH,"$875,433",BTC/USDT,"$517,479",XRP/USDT,"$350,271",TRX/USDT,"$309,342",XRP/BTC,"$207,710",ETH/BTC,"$190,533",BCH/USDT,"$187,063",BCH/BTC,"$186,287",ETC/XRP,"$186,027",TRX/BTC,"$177,836"
LakeBTC,BTC/USD,"$3,972,716",BTC/JPY,"$337,449",BTC/EUR,"$311,716",BTC/CAD,"$76,702",BTC/GBP,"$53,256",BTC/AUD,"$24,949",BTC/SGD,"$13,707",BTC/CHF,"$960",XRP/BTC,"$?",LTC/BTC,"$?"
GOPAX,BTC/KRW,"$2,133,311",XRP/KRW,"$977,802",ETH/KRW,"$708,012",EOS/KRW,"$375,074",XLM/KRW,"$171,888",MOC/KRW,"$110,777",IOST/KRW,"$55,259",BCH/KRW,"$39,682",ZIL/KRW,"$21,470",ETH/BTC,"$10,454"
CHAOEX,BTC/USDT,"$2,968,392",BCH/USDT,"$301,296",BCH/BTC,"$239,260",ETH/USDT,"$189,355",ETH/BTC,"$130,563",SKY/BTC,"$129,512",SAC/ETH,"$117,066",REP/ETH,"$73,454",NULS/ETH,"$70,851",NULS/BTC,"$60,859"
Bilaxy,ATMI/ETH,"$261,458",EXC/ETH,"$254,386",VITE/ETH,"$230,699",QKC/ETH,"$215,090",ABL/ETH,"$179,648",ZP/ETH,"$175,924",ZCN/ETH,"$138,711",ESS/ETH,"$132,783",Seele/ETH,"$125,137",DAG/ETH,"$119,536"
Cryptopia,LGS/BTC,"$967,575",ETN/BTC,"$217,530",WC/BTC,"$206,364",LTC/BTC,"$115,183",ETH/BTC,"$113,849",DOGE/BTC,"$90,322",$PAC/BTC,"$89,702",TPAY/BTC,"$88,225",ANON/BTC,"$83,373",GTM/BTC,"$66,446"
Indodax,BTC/IDR,"$781,765",TRX/IDR,"$545,637",XRP/IDR,"$399,058",BCD/IDR,"$378,068",ETH/IDR,"$226,609",STQ/IDR,"$157,110",DOGE/IDR,"$141,699",ADA/IDR,"$141,674",BCH/IDR,"$109,332",STR/IDR,"$104,884"
Liquid,ETH/USD,"$1,126,123",ETH/JPY,"$624,453",BCH/USD,"$331,452",XRP/JPY,"$308,501",ETH/BTC,"$208,517",BCH/JPY,"$128,888",BCH/BTC,"$94,704",QASH/JPY,"$89,608",NEO/BTC,"$88,098",LIKE/BTC,"$56,219"
BtcTurk,XRP/TRY,"$1,820,161",BTC/TRY,"$1,055,014",USDT/TRY,"$384,929",ETH/TRY,"$377,564",LTC/TRY,"$60,595",BTC/USDT,"$12,871"
BTCC,BCH/USD,"$2,546,895",ETH/USD,"$796,845",BTC/USD,"$221,105",LTC/BTC,"$?",BCH/BTC,"$?",LTC/USD,"$?",ETH/BTC,"$?"
BTC-Alpha,R/BTC,"$1,773,920",VEX/BTC,"$277,151",VEX/USD,"$197,644",BTC/USD,"$192,300",UBEX/BTC,"$176,650",UBEX/ETH,"$175,800",TRF/BTC,"$153,110",CBC/USD,"$93,738",TRF/ETH,"$92,374",NOAH/BTC,"$61,582"
DSX,BTC/EUR,"$1,540,053",BTC/USD,"$943,626",ETH/EUR,"$189,199",ETH/USD,"$113,773",ETH/BTC,"$55,690",LTC/USD,"$31,620",LTC/BTC,"$31,038",LTC/EUR,"$19,238",BTC/RUB,"$16,750",BCC/BTC,"$12,366"
Paribu,BTC/TRY,"$2,740,732"
QuadrigaCX,BTC/CAD,"$2,320,851",ETH/CAD,"$318,960",BTC/USD,"$35,212",BCH/CAD,"$24,370",LTC/CAD,"$21,510",ETH/BTC,"$6,957",BTG/CAD,"$1,557"
Tidex,WAVES/BTC,"$2,199,480",NTK/ETH,"$66,583",NTK/BTC,"$46,273",REM/ETH,"$34,891",REM/BTC,"$32,591",HUR/BTC,"$26,306",MSD/BTC,"$22,663",ENGT/ETH,"$21,195",ETH/BTC,"$13,984",DROP/BTC,"$11,790"
BigONE,BLACK/EOS,"$1,480,171",ETH/BTC,"$331,316",IOST/BTC,"$186,304",GXS/BTC,"$86,926",EOS/BTC,"$64,599",EOS/ETH,"$46,380",IDT/BTC,"$31,941",IDT/ETH,"$19,444",CRE/ETH,"$19,023",XIN/BTC,"$16,534"
Ovis,BTC/TRY,"$1,049,255",EOS/TRY,"$147,659",OMG/TRY,"$111,838",BCH/TRY,"$109,445",MIOTA/TRY,"$109,394",DOGE/TRY,"$95,237",XRP/TRY,"$90,453",ETC/TRY,"$78,992",LTC/TRY,"$67,201",XMR/TRY,"$61,119"
Luno,BTC/ZAR,"$1,917,451",BTC/NGN,"$334,785",BTC/EUR,"$14,756",BTC/IDR,"$13,059",BTC/MYR,"$2,747"
Bancor Network,BNT/ETH,"$1,146,291",KIN/BNT,"$432,595",NEXO/BNT,"$76,432",MANA/BNT,"$75,525",CMCT/BNT,"$70,589",STX/BNT,"$64,415",BAX/BNT,"$55,403",KICK/BNT,"$40,847",STORM/BNT,"$17,536",XPAT/BNT,"$17,000"
CryptalDash,BTC/USDT,"$1,316,479",ETH/USDT,"$439,159",ETH/BTC,"$386,553",CRD/BTC,"$1,420"
Ethfinex,OMG/USD,"$355,737",SEE/BTC,"$200,377",ZRX/USD,"$90,636",ZRX/ETH,"$85,350",BFT/USD,"$77,794",DAI/BTC,"$75,487",DAI/USD,"$74,173",DAD/BTC,"$70,768",LYM/USD,"$69,395",CNN/ETH,"$63,394"
STEX,BTC/USDT,"$1,032,565",BENZ/ETH,"$246,677",ATCC/BTC,"$97,515",SKB/BTC,"$91,835",EPLUS/BTC,"$91,805",CLO/BTC,"$74,188",WXC/BTC,"$65,853",FOIN/BTC,"$63,521",RTH/BTC,"$49,855",ETH/BTC,"$33,210"
LocalTrade,DASH/USD,"$602,705",ETH/BTC,"$520,467",BTC/USD,"$383,440",ZEC/USD,"$261,137",ZEC/BTC,"$95,760",LTC/BTC,"$55,578",EDR/BTC,"$43,513",LTC/USD,"$9,535",EDR/ETH,"$1,362",EDR/LTC,"$1,161"
Zaif,XEM/JPY,"$1,456,463",MONA/JPY,"$365,634",ETH/BTC,"$38,858",XEM/BTC,"$13,654",BCH/BTC,"$8,289",CMS.ETH/JPY,"$5,178",PEPECASH/JPY,"$3,434",MONA/BTC,"$1,336",XCP/JPY,"$1,261",CMS.XEM/JPY,"$1,202"
Negocie Coins,BTC/BRL,"$1,874,253",LTC/BRL,"$2,708",DASH/BRL,"$700",BCH/BRL,"$679",B2X/BRL,"$65",BTG/BRL,"$48"
Waves Decentralized Exchange,WAVES/BTC,"$490,829",DASH/BTC,"$174,502",ETH/BTC,"$161,427",LTC/BTC,"$157,108",BCC/BTC,"$132,858",LTC/WAVES,"$111,665",ZEC/BTC,"$96,060",XMR/BTC,"$95,430",BCC/WAVES,"$87,073",ETH/WAVES,"$83,252"
CryptoBridge,LGS/BTC,"$731,586",FOIN/BTC,"$154,727",SINS/BTC,"$146,619",XG/BTC,"$96,799",LPC/BTC,"$59,281",CCC/BTC,"$59,076",C2P/BTC,"$52,851",RVN/BTC,"$45,886",FOX/BTC,"$43,374",POLIS/BTC,"$17,567"
BTC Markets,BTC/AUD,"$926,238",XRP/AUD,"$338,995",ETH/AUD,"$225,937",BCH/AUD,"$41,442",LTC/AUD,"$16,956",XRP/BTC,"$4,774",ETC/AUD,"$2,797",ETH/BTC,"$1,190",LTC/BTC,"$239",BCH/BTC,"$29"
BX Thailand,BTC/THB,"$881,493",XRP/THB,"$326,926",ETH/THB,"$131,275",OMG/THB,"$52,253",BCH/THB,"$26,476",LTC/THB,"$24,600",DOGE/BTC,"$17,139",GNO/THB,"$12,021",ZMN/THB,"$10,566",EVX/THB,"$9,568"
Escodex,LGS/BTC,"$889,119",LPC/BTC,"$146,486",ETH/BTC,"$135,110",SINS/BTC,"$131,140",USDT/BTC,"$77,411",RVN/BTC,"$51,788",C2P/BTC,"$46,545",FOX/BTC,"$10,670",ASAFE2/BTC,"$261",OUR/BTC,"$5"
CoinExchange,LGS/BTC,"$718,507",GPKR/BTC,"$319,847",VIPS/BTC,"$78,640",DOGE/BTC,"$49,455",NANJ/BTC,"$48,640",LABH/BTC,"$30,354",ETH/BTC,"$24,487",ARB/ETH,"$17,662",XP/DOGE,"$14,227",HPC/BTC,"$13,584"
Crex24,HWC/BTC,"$564,972",WXC/BTC,"$95,648",FORK/BTC,"$74,136",TUSD/USD,"$53,308",WAVES/ETH,"$50,673",WGR/BTC,"$40,697",WTC/BTC,"$40,129",WC/BTC,"$39,290",REP/BTC,"$37,556",SINS/BTC,"$37,543"
IDEX,MAS/ETH,"$194,398",ATMI/ETH,"$82,765",REM/ETH,"$81,631",HOT/ETH,"$77,681",TOMO/ETH,"$72,890",KWATT/ETH,"$47,784",UBEX/ETH,"$44,442",QNT/ETH,"$34,160",CEEK/ETH,"$31,376",FKX/ETH,"$28,594"
Iquant,ETH/BTC,"$874,213",QTUM/USDT,"$403,914",QTUM/BTC,"$2,234",SKY/BTC,"$1,593",DAGT/BTC,"$1,388",DASH/BTC,"$95",SKY/USDT,"$67",ZRX/BTC,"$55",BCH/BTC,"$48",XEM/BTC,"$18"
Independent Reserve,XBT/AUD,"$835,084",XBT/USD,"$108,500",XRP/AUD,"$103,736",ETH/AUD,"$102,806",LTC/AUD,"$15,337",BCH/AUD,"$14,126",XBT/NZD,"$11,842",ZRX/AUD,"$4,439",XRP/NZD,"$2,326",ETH/USD,"$1,761"
Koineks,BTC/TRY,"$404,477",XEM/TRY,"$291,370",XRP/TRY,"$231,073",DOGE/TRY,"$73,536",XLM/TRY,"$41,585",ETH/TRY,"$36,592",BCH/TRY,"$32,834",LTC/TRY,"$24,163",BTG/TRY,"$11,785",DASH/TRY,"$7,824"
Bitstamp (Ripple Gateway),XRP/USD,"$1,131,399",XRP/BTC,"$6,407"
Coinut,BTC/USDT,"$806,546",ZEC/USDT,"$156,986",XMR/USDT,"$146,488",LTC/USDT,"$21,822",ETH/SGD,"$2,193",BTC/SGD,"$1,710",LTC/SGD,"$540",BTC/USD,"$442",ETC/USDT,"$436",ZEC/LTC,"$29"
Bithesap,BTC/TRY,"$908,968",LTC/TRY,"$137,786"
BitShares Asset Exchange,BITCNY/BTS,"$781,716",BITUSD/BTS,"$138,851",BITUSD/BITCNY,"$33,697",BITSILVER/BITUSD,"$904",BITGOLD/BITUSD,"$51",BITEUR/BTS,"$5",BITSILVER/BTS,"$1",BITBTC/BTS,"$1",BITCNY/BITEUR,"$1",BITGOLD/BTS,"$0"
WEX,ZEC/USD,"$253,797",BTC/USD,"$209,024",DSH/USD,"$85,406",ETH/BTC,"$60,269",ZEC/BTC,"$53,045",ETH/USD,"$49,195",PPC/USD,"$43,200",DSH/BTC,"$32,766",NMC/USD,"$21,773",LTC/USD,"$19,311"
Bitso,BTC/MXN,"$501,993",XRP/MXN,"$250,562",ETH/MXN,"$65,746",XRP/BTC,"$30,751",LTC/MXN,"$29,455",BCH/MXN,"$17,125",BCH/BTC,"$11,003",TUSD/MXN,"$9,743",TUSD/BTC,"$2,643",ETH/BTC,"$1,764"
TDAX,USDT/THB,"$594,857",BTC/THB,"$129,566",ETH/THB,"$95,651",XZC/THB,"$73,817",XZC/BTC,"$?",POWR/THB,"$?",OMG/THB,"$?",KNC/THB,"$?",OMG/ETH,"$?",BTC/USDT,"$?"
Bitbns,XRP/INR,"$401,498",SC/INR,"$88,025",BTC/INR,"$66,191",ETN/INR,"$53,752",TRX/INR,"$44,467",ETH/INR,"$31,310",XLM/INR,"$30,980",ADA/INR,"$28,346",DASH/INR,"$18,136",GAS/INR,"$12,365"
LiteBit.eu,BTC/EUR,"$563,222",XRP/EUR,"$108,498",ETH/EUR,"$28,239",ADA/EUR,"$16,176",XVG/EUR,"$13,534",RDD/EUR,"$13,298",LTC/EUR,"$8,499",TRX/EUR,"$7,048",XMR/EUR,"$6,257",DOGE/EUR,"$5,512"
ACX,BTC/AUD,"$664,956",BCH/AUD,"$68,228",ETH/AUD,"$41,855",FUEL/BTC,"$650",DASH/BTC,"$?",UBTC/BTC,"$?"
OasisDEX,ETH/DAI,"$490,375",MKR/DAI,"$167,262",MKR/ETH,"$103,807"
Mercado Bitcoin,BTC/BRL,"$609,575",LTC/BRL,"$96,738",BCH/BRL,"$29,836"
Trade Satoshi,ATCC/BTC,"$464,791",BTC/USDT,"$31,430",LTC/USDT,"$26,398",DOGE/USDT,"$25,539",SAFEX/BTC,"$10,399",DOGE/BTC,"$8,759",ETH/BTC,"$7,230",TOA/BTC,"$5,282",AIB/BTC,"$3,011",LTC/BTC,"$2,161"
Tidebit,BTC/HKD,"$565,167",XPA/ETH,"$18,177",ETH/HKD,"$15,027",BTC/USD,"$46",ETH/USD,"$1",NEO/HKD,"$?",EOS/HKD,"$?"
COSS,XDCE/BTC,"$149,138",XDCE/ETH,"$126,879",COSS/ETH,"$46,005",UBC/ETH,"$31,711",OMG/COSS,"$8,795",COSS/BTC,"$8,563",LTC/COSS,"$6,950",EOS/USD,"$4,720",GAT/ETH,"$4,595",DASH/USD,"$3,794"
EtherDelta (ForkDelta),BAT/ETH,"$343,056",KIN/ETH,"$130,469",MIC/ETH,"$11,086",SXUT/ETH,"$9,162",VERI/ETH,"$8,835",EXMR/ETH,"$7,843",LINK/ETH,"$7,324",SXDT/ETH,"$5,671",PPP/ETH,"$3,883",PAY/ETH,"$3,589"
Coinfloor,BTC/GBP,"$528,447",BCH/GBP,"$2,352",BTC/USD,"$?",BTC/EUR,"$?"
Bitonic,BTC/EUR,"$524,917"
BitcoinTrade,BTC/BRL,"$368,023",ETH/BRL,"$53,484",LTC/BRL,"$10,668"
HBUS,BTC/TUSD,"$137,681",BTC/USDT,"$127,572",DASH/USDT,"$32,195",DASH/ETH,"$27,006",LTC/USDT,"$14,944",ETH/USDT,"$14,230",BCC/USDT,"$12,938",LTC/BTC,"$11,236",LTC/ETH,"$10,411",BCC/BTC,"$9,651"
Altcoin Trader,BTC/ZAR,"$199,509",XRP/ZAR,"$148,497",ETH/ZAR,"$17,719",BCC/ZAR,"$13,527",ADA/ZAR,"$8,382",LTC/ZAR,"$3,151",NMC/ZAR,"$1,377",BTCP/ZAR,"$1,338",ZEC/ZAR,"$1,193",USDT/ZAR,"$1,003"
AidosMarket,ADK/BTC,"$390,787"
BL3P,BTC/EUR,"$362,991",LTC/EUR,"$9,582"
OTCBTC,XRP/ETH,"$92,657",BCH/ETH,"$52,385",ZEC/ETH,"$33,473",OCT/EOS,"$22,731",OCT/BTC,"$22,337",OCT/ETH,"$21,902",RNTB/ETH,"$20,417",OTB/ETH,"$19,871",RNTB/BTC,"$14,582",TRX/ETH,"$14,511"
OKCoin International,BTC/USD,"$196,292",ETH/USD,"$80,176",BCH/USD,"$47,034",ETC/USD,"$16,860",LTC/USD,"$11,100"
Stellarport,ABDT/XLM,"$144,317",WSD/XLM,"$117,192",REPO/XLM,"$44,089",SLT/XLM,"$14,965",XRP/XLM,"$5,107",RMT/XLM,"$4,183",MOBI/XLM,"$3,437",KIN/XLM,"$2,919",BTC/XLM,"$2,331",LTC/XLM,"$420"
TradeOgre,XHV/BTC,"$72,960",LOKI/BTC,"$48,098",DERO/BTC,"$29,605",GRFT/BTC,"$25,965",ETN/BTC,"$24,185",XTL/BTC,"$19,503",LTC/BTC,"$10,039",TUBE/BTC,"$9,770",MSR/BTC,"$8,691",DOGE/BTC,"$5,494"
OpenLedger DEX,BTC/BTS,"$227,265",BTC/BITUSD,"$19,967",EOS/BTS,"$8,437",YOYOW/BITCNY,"$8,047",BTC/ETH,"$2,576",ETH/BTC,"$2,562",OBITS/BTS,"$1,458",OBITS/BITUSD,"$1,053",YOYOW/BTS,"$790",SCR/ETH,"$665"
CoinMate,BTC/EUR,"$271,867"
Kuna,BTC/UAH,"$138,826",ETH/UAH,"$32,448",REM/UAH,"$24,815",REM/ETH,"$11,659",XEM/UAH,"$11,113",RMC/BTC,"$7,270",R/BTC,"$6,766",XRP/UAH,"$6,755",BTC/EURS,"$5,809",EURS/UAH,"$4,824"
BitMarket,BTC/PLN,"$250,481",LTC/PLN,"$5,651",XRP/PLN,"$2,517",BCC/PLN,"$1,611",BTG/PLN,"$120",BTC/EUR,"$17"
Stellar Decentralized Exchange,ABDT/XLM,"$144,316",REPO/XLM,"$44,089",XLM/HKD,"$21,182",SLT/XLM,"$14,965",XRP/XLM,"$5,693",RMT/XLM,"$4,268",XLM/CNY,"$3,787",MOBI/XLM,"$3,437",KIN/XLM,"$2,919",BTC/XLM,"$2,138"
DDEX,BRM/ETH,"$123,052",BTR/ETH,"$36,855",EQL/ETH,"$24,521",NEXO/ETH,"$23,954",ECOREAL/ETH,"$12,999",WETH/DAI,"$10,937",MKR/DAI,"$9,654",QBIT/ETH,"$2,260",NOKU/ETH,"$1,785",XYO/ETH,"$267"
Gatehub,XRP/USD,"$75,965",XRP/BTC,"$61,312",XRP/ETH,"$58,388",XRP/EUR,"$45,551",XRP/ETC,"$2,607"
DEx.top,PAL/ETH,"$47,769",NPER/ETH,"$28,928",MEDX/ETH,"$21,567",TTC/ETH,"$19,737",SNT/ETH,"$19,455",VITE/ETH,"$17,725",PAI/ETH,"$17,461",MT/ETH,"$16,844",REM/ETH,"$13,150",CTXC/ETH,"$12,092"
Coinrail,MEDX/BTC,"$78,002",MOZO/BTC,"$34,502",MED/BTC,"$33,108",XRP/BTC,"$20,286",JNT/BTC,"$10,279",ETH/BTC,"$9,293",BTC/KRW,"$7,109",NPXS/BTC,"$7,086",TRX/BTC,"$4,328",BBC/BTC,"$2,938"
Kyber Network,DAI/ETH,"$51,037",AE/ETH,"$24,237",MANA/ETH,"$23,427",BAT/ETH,"$23,035",MAS/ETH,"$14,031",ENJ/ETH,"$10,512",STORM/ETH,"$9,638",DGX/ETH,"$9,380",POE/ETH,"$6,573",TUSD/ETH,"$5,936"
Koinex,XRP/INR,"$74,276",TRX/INR,"$45,578",BTC/INR,"$21,826",ETH/INR,"$14,133",NCASH/INR,"$8,718",CMT/INR,"$4,320",IOST/INR,"$3,126",AE/INR,"$2,766",ZRX/INR,"$2,657",POLY/INR,"$2,450"
Neraex,OMG/BTC,"$114,982",SKB/BTC,"$33,124",PAY/BTC,"$23,404",KNC/BTC,"$12,723",GRS/BTC,"$5,859",SNT/BTC,"$3,301",EOS/BTC,"$?"
YunEx,BTC/USDT,"$107,953",ETH/USDT,"$51,677",BTC/ETH,"$22,842",LTC/USDT,"$1,784",BCH/USDT,"$1,565"
Bisq,XMR/BTC,"$170,221",BTC/EUR,"$11,538",LTC/BTC,"$618",BTC/USD,"$539",BTC/CAD,"$386",BTC/GBP,"$335",BTC/AUD,"$?",BCH/BTC,"$?",XSPEC/BTC,"$?",SC/BTC,"$?"
WazirX,BTC/USDT,"$73,437",XRP/USDT,"$34,100",TRX/USDT,"$9,698",ETH/USDT,"$8,294",TRX/BTC,"$5,276",TRX/INR,"$4,446",BTC/INR,"$4,411",HOT/BTC,"$4,389",XRP/BTC,"$4,294",USDT/INR,"$4,131"
CoinCorner,BTC/GBP,"$139,157",BTC/EUR,"$16,284"
BitcoinToYou,BTC/BRL,"$149,193"
Koinim,BTC/TRY,"$101,290",LTC/TRY,"$33,402",BCH/TRY,"$3,561",ETH/TRY,"$2,745",DOGE/TRY,"$2,387"
RippleFox,XRP/CNY,"$124,232",XRP/XLM,"$11,725"
Tokenomy,VEX/TEN,"$83,455",VEX/BTC,"$34,900",CMT/TEN,"$5,485",LRC/TEN,"$2,040",TRX/TEN,"$414",TEN/ETH,"$266",TRX/BTC,"$174",AE/TEN,"$149",ELF/TEN,"$143",VERI/BTC,"$143"
Braziliex,BTC/BRL,"$95,738",ETH/BRL,"$15,533",XRP/BRL,"$5,064",LTC/BRL,"$1,846",SMART/BRL,"$1,590",OMG/BRL,"$943",SNGLS/BRL,"$800",CRW/BRL,"$493",BCH/BRL,"$455",DASH/BRL,"$349"
Bitex.la,BTC/USD,"$112,891"
DOBI trade,CCL/ETH,"$54,706",PAL/ETH,"$41,363",CCL/BTC,"$2,362",CASH/BTC,"$905",JC/ETH,"$167",MCC/ETH,"$74",MCC/BTC,"$44"
SouthXchange,MLM/BTC,"$46,848",SUP/BTC,"$38,880",POLIS/BTC,"$2,905",ETH/BTC,"$2,080",DOGE/BTC,"$1,482",BBP/BTC,"$1,317",LTC/BTC,"$1,231",VTC/BTC,"$903",BTC/USD,"$559",BCH/BTC,"$466"
C-CEX,TOA/BTC,"$31,256",PCS/BTC,"$15,261",FORK/BTC,"$7,139",GCC24/BTC,"$7,103",LTC/BTC,"$6,554",BITCF/BTC,"$4,102",MLM/BTC,"$3,968",ALT/BTC,"$3,303",WC/BTC,"$3,117",TRC/BTC,"$2,530"
CoinFalcon,DASC/BTC,"$72,241",BTC/EUR,"$4,865",IOT/EUR,"$2,899",DASC/EUR,"$2,495",ETH/BTC,"$2,026",DOGE/BTC,"$2,023",TRX/BTC,"$1,926",KIN/ETH,"$1,216",KIN/BTC,"$1,199",IOT/BTC,"$671"
Bittylicious,BTC/GBP,"$86,678",ETH/GBP,"$3,112",BCH/GBP,"$799",LTC/GBP,"$704",DGB/GBP,"$359",DOGE/GBP,"$34",FTC/EUR,"$12",BLK/GBP,"$?",STRAT/EUR,"$?",BTC/EUR,"$?"
BTC Trade UA,BTC/UAH,"$64,881",ETH/UAH,"$10,516",LTC/UAH,"$3,366",DOGE/UAH,"$3,328",XRP/UAH,"$2,971",ETC/UAH,"$2,826",XEM/UAH,"$816",KRB/UAH,"$608",ZEC/UAH,"$606",BCH/UAH,"$491"
Buda,BTC/CLP,"$72,932",ETH/CLP,"$8,796",BTC/PEN,"$1,113",LTC/PEN,"$290",LTC/CLP,"$190",BCH/PEN,"$150",BCH/CLP,"$100",BTC/ARS,"$66",ETH/BTC,"$35",ETH/ARS,"$1"
CRXzone,BTC/USD,"$69,987"
Bleutrade,DAPS/BTC,"$28,542",CPLO/BTC,"$8,125",DOGE/BTC,"$6,346",ETH/BTC,"$6,262",LTC/BTC,"$2,565",HTML/BTC,"$2,018",NBC/BTC,"$1,266",DCR/BTC,"$1,241",FJC/BTC,"$996",DAPS/DOGE,"$899"
Ripple China,XRP/CNY,"$65,041"
Token Store,HER/ETH,"$22,177",PAI/ETH,"$19,058",SPND/ETH,"$9,120",ROCK2/ETH,"$6,324",EMPR/ETH,"$1,892",TRXC/ETH,"$1,285",EVN/ETH,"$963",ERC20/ETH,"$442",FREE/ETH,"$64",CYFM/ETH,"$27"
CryptoMarket,ETH/CLP,"$17,080",BTC/CLP,"$13,145",XLM/ARS,"$4,587",ETH/ARS,"$4,244",BTC/ARS,"$3,817",XLM/CLP,"$2,504",ETH/EUR,"$871",XLM/BRL,"$147",XLM/EUR,"$123",BTC/BRL,"$58"
CoinEx,FXT/ETH,"$32,244",FXT/BTC,"$10,859"
Coinnest,BTC/KRW,"$11,651",NPXS/KRW,"$9,671",TRON/KRW,"$7,541",ETH/KRW,"$2,976",ADA/KRW,"$1,462",TSL/KRW,"$952",HLC/KRW,"$812",BCD/KRW,"$356",OC/KRW,"$322",BCH/KRW,"$192"
Switcheo Network,NKN/NEO,"$11,099",SWTH/NEO,"$9,568",CPX/NEO,"$4,025",TKY/NEO,"$2,425",GAS/NEO,"$1,663",AVA/NEO,"$1,613",SOUL/NEO,"$1,470",PKC/NEO,"$1,046",NRVE/NEO,"$571",MCT/NEO,"$476"
Bit2C,BTC/ILS,"$30,282",LTC/ILS,"$338",BCH/ILS,"$?"
ezBtc,BTC/CAD,"$29,328"
Paymium,BTC/EUR,"$28,451"
BitFlip,R/BTC,"$9,381",R/RUB,"$4,471",RMC/BTC,"$2,624",CSC/BTC,"$582",BTC/RUB,"$575",ETH/BTC,"$325",LTC/BTC,"$301",XRP/RUB,"$285",BTW/USD,"$242",BTC/USD,"$233"
Graviex,GIC/BTC,"$2,134",GIO/BTC,"$2,053",BTAD/BTC,"$1,933",EGEM/BTC,"$1,587",ZCR/BTC,"$843",DOGE/BTC,"$806",HIGHT/BTC,"$767",MEDIC/BTC,"$765",LTC/BTC,"$578",BTXC/BTC,"$487"
cfinex,CSC/BTC,"$13,774",BCN/BTC,"$899",DGB/BTC,"$63",DOGE/BTC,"$23",BCX/BTC,"$13",CASH/BTC,"$7",NCP/BTC,"$0",BCH/BTC,"$0",NAV/BTC,"$0"
Tripe Dice Exchange,DOGE/BTC,"$8,879",XRP/BTC,"$4,740",ETH/BTC,"$228",LTC/BTC,"$140"
Nocks,NLG/EUR,"$13,926"
AirSwap,MANA/ETH,"$4,436",BAT/ETH,"$3,349",DAI/ETH,"$984",AST/ETH,"$833",RHOC/ETH,"$696",ZRX/ETH,"$228",KNC/ETH,"$204",REP/ETH,"$196",BNB/ETH,"$125",BLT/ETH,"$33"
Cryptomate,XRP/GBP,"$5,192",BTC/GBP,"$1,696",ETN/GBP,"$1,435",TRX/GBP,"$652",DOGE/GBP,"$261",LTC/GBP,"$183",XMR/GBP,"$130",EOS/GBP,"$?",ADA/GBP,"$?",XEM/GBP,"$?"
FreiExchange,ANC/BTC,"$1,365",UNO/BTC,"$1,348",FRC/BTC,"$995",LTC/BTC,"$65",DOGE/BTC,"$57",XWC/BTC,"$25",XCN/BTC,"$6",QRK/BTC,"$?",MANNA/BTC,"$?",BTI/BTC,"$?"
Nanex,BTCP/NANO,"$1,533",LTC/NANO,"$852",BTC/NANO,"$682",ETH/NANO,"$489",XMR/NANO,"$116",RVN/NANO,"$112",GRLC/NANO,"$0",PHR/NANO,"$?",DCR/NANO,"$?",NIX/NANO,"$?"
ISX,AUR/ISK,"$1,462"
C-Patex,ETH/BTC,"$404",LTC/BTC,"$239",RDD/BTC,"$187",DOGE/BTC,"$176",DASH/BTC,"$174",DGB/BTC,"$71",EMB/DOGE,"$66",DEM/BTC,"$40",PHO/LTC,"$6",BLC/BTC,"$1"
Coinrate,FRGC/USD,"$1,171",BTC/FRGC,"$24",BTC/USD,"$?",FRGC/EUR,"$?",BTC/EUR,"$?"
Bitmaszyna,BTC/PLN,"$660",LTC/PLN,"$25"
Stronghold,XLM/BTC,"$543"
BitForex,LEDU/ETH,"$351"
Tux Exchange,DOGE/BTC,"$96",XCP/BTC,"$64",PPC/BTC,"$33",PEPECASH/BTC,"$22",XMR/BTC,"$1",SYS/BTC,"$1",LTC/BTC,"$?",GNT/BTC,"$?",BLK/BTC,"$?",EMC/BTC,"$?"
RuDEX,STEEM/BTS,"$72",STEEM/USD,"$28",GOLOS/BTS,"$1"
Novaexchange,DOGE/BTC,"$72",1337/MOON,"$5",LTC/BTC,"$?",ONION/DOGE,"$?",BTPL/BTC,"$?",ECA/BTC,"$?",DIME/DOGE,"$?",XP/MOON,"$?",ZEIT/DOGE,"$?",COLX/BTC,"$?"
GuldenTrader,NLG/EUR,"$28"
BarterDEX,CHIPS/KMD,"$16"
Heat Wallet,HEAT/BTC,"$14"
Radar Relay,BAT/WETH,"$4",MKR/WETH,"$4",REQ/WETH,"$?",DGD/WETH,"$?",AION/WETH,"$?",AE/WETH,"$?",ARN/WETH,"$?",DENT/WETH,"$?",WAX/WETH,"$?",SUB/WETH,"$?"
Coingi,BTC/USD,"$3"
Zebpay,ETH/BTC,"$?",CMT/BTC,"$?",AE/BTC,"$?",GNT/BTC,"$?",ZIL/BTC,"$?",TRX/XRP,"$?",OMG/BTC,"$?",IOST/BTC,"$?",XRP/BTC,"$?",BTG/TUSD,"$?"
