"",geographyRank,"","","","","","","","","","","","","","","","","","","","","","","","","","","","","","","","","","","","","","","","","","","","","","","","","","","","","","","","","","","","","","","","","","","","","","","","","","","","","","","","","",referralRank,"","","","","","","","","","","","","","","","","","","","","","","","","","","","","","","","","","","","","","","","","","","","","","","","","","","","","","","","","","","","","","","","","","","","","","","","","","","","","","","","","",socialRank,"","","","","","","","","","","","","","","","","","","","","","","","","","","","","","","","","","","","","","","","","","","","","","","","","","","","","","","","","","","","","","","","","","","","","","","","","","","","","","","","","",adRank,"","","","","","","","","","","","","","","","","","","","","","","","","","","","","","","","","","","","","","","","","","","","","","","","","","","","","","","","","","","","","","","","","","","","","","","","","","","","","","","",""
"","#1","","#2","","#3","","#4","","#5","","#6","","#7","","#8","","#9","","#10","","#11","","#12","","#13","","#14","","#15","","#16","","#17","","#18","","#19","","#20","","#21","","#22","","#23","","#24","","#25","","#26","","#27","","#28","","#29","","#30","","#31","","#32","","#33","","#34","","#35","","#36","","#37","","#38","","#39","","#40","","","","#1","","#2","","#3","","#4","","#5","","#6","","#7","","#8","","#9","","#10","","#11","","#12","","#13","","#14","","#15","","#16","","#17","","#18","","#19","","#20","","#21","","#22","","#23","","#24","","#25","","#26","","#27","","#28","","#29","","#30","","#31","","#32","","#33","","#34","","#35","","#36","","#37","","#38","","#39","","#40","","","","#1","","#2","","#3","","#4","","#5","","#6","","#7","","#8","","#9","","#10","","#11","","#12","","#13","","#14","","#15","","#16","","#17","","#18","","#19","","#20","","#21","","#22","","#23","","#24","","#25","","#26","","#27","","#28","","#29","","#30","","#31","","#32","","#33","","#34","","#35","","#36","","#37","","#38","","#39","","#40","","","","#1","","#2","","#3","","#4","","#5","","#6","","#7","","#8","","#9","","#10","","#11","","#12","","#13","","#14","","#15","","#16","","#17","","#18","","#19","","#20","","#21","","#22","","#23","","#24","","#25","","#26","","#27","","#28","","#29","","#30","","#31","","#32","","#33","","#34","","#35","","#36","","#37","","#38","","#39","","#40","",""
"","United States","11015459.41","Russia","9001571.36","Brazil","6830685.73","Turkey","5553557.66","Ukraine","4324840.32","China","4130884.16","Vietnam","3998237.19","United Kingdom","3372517.74","Germany","3098200.16","Netherlands","2607588.26","Korea, Republic of","2573841.70","Poland","2448364.14","Indonesia","2262401.62","India","1996480.18","France","1976037.18","Thailand","1953280.67","Japan","1896388.04","Canada","1675597.04","Mexico","1631841.14","Spain","1604158.41","Australia","1483156.34","Italy","1387744.72","Czech Republic","1110606.68","Bulgaria","981165.37","South Africa","827611.22","Romania","827435.16","Belgium","764670.28","Venezuela","757695.45","Slovakia","732142.64","Switzerland","672486.74","Taiwan","664710.89","Colombia","635417.52","Argentina","616835.21","Latvia","598274.98","Belarus","589456.71","Austria","567159.00","Serbia","491959.30","Philippines","488294.29","Slovenia","487793.84","Pakistan","463389.08","","","coinmarketcap.com","4148826.34","poplized-insations.com","2150720.00","adbtc.top","269520.07","masternodes.online","267730.44","huobi.com","195890.57","bitcointalk.org","176454.87","usagoals.me","146063.36","coingecko.com","110681.64","feixiaohao.com","101322.48","coinbase.com","97966.45","whattomine.com","86219.03","activetect.net","86131.54","usagoals.nu","76670.00","hackertyper.com","59387.06","bitstamp.com","54908.64","bitcoin.org","49447.08","myfeed4u.net","42900.00","crypto-coinz.net","42317.80","github.com","39814.62","usagoals.com","39226.00","stocks.exchange","37671.08","refbit.net","26510.00","worldcoinindex.com","26070.48","coinsutra.com","23763.02","offlintab.firefoxchina.cn","21256.80","hbg.com","20693.64","medium.com","20661.65","usagoals.net","20504.50","ripple.com","19667.58","cryptoknight.cc","19373.64","stakecube.net","19284.88","dogeclick.com","18057.86","nitrouscoin.io","17891.28","agile-cliffs-23967.herokuapp.com","17710.00","yandex.ru","17495.65","qoinad.com","17316.31","digitexfutures.com","16180.60","myfeed4u.me","15620.00","bitpremier.com","15419.85","baidu.com","15173.66","","","youtube.com/watch","1814307.36","facebook.com","879533.14","youtube.com","777450.04","twitter.com","385011.87","web.whatsapp.com","260294.94","youtube.com/feed/subscriptions","150470.26","vk.com/feed","71048.02","vk.com/im","69213.37","youtube.com/results","57921.71","reddit.com","29375.53","tweetdeck.twitter.com","28898.41","twitter.com/search","24164.32","instagram.com","23964.13","l.facebook.com/l.php","21982.76","reddit.com/r/freebies","15594.44","twitter.com/YobitExchange","15058.09","web.facebook.com","13764.93","twitter.com/i/notifications","13055.74","weibo.com/mygroups","12846.70","linkedin.com/feed","11164.52","away.vk.com/away.php","11046.95","ok.ru/feed","8856.57","facebook.com/photo.php","8370.42","facebook.com/profile.php","7518.17","youtube.com/my_videos","7145.22","vk.com/al_feed.php","6727.21","facebook.com/sanel.klapuh.3","6627.84","youtube.com/dashboard","6577.96","youtube.com/playlist","6314.80","apps.facebook.com/fazenda-feliz","6058.80","facebook.com/search/top","5732.41","twitter.com/YobitExchange/status/1050035464609124352","5597.38","twitter.com/realdonaldtrump","5414.15","youtube.com/user/ThatOneVideoGamer/videos","5396.00","vk.com/groups","5283.41","twitter.com/YobitExchange/status/1052226344887640064","5175.82","youtube.com/upload","4872.32","weibo.com/u/1948253871/home","4674.94","quora.com","4202.00","twitter.com/Rovket192","4175.34","","","lodynet.com","47253.80","www5.javmost.com","29219.94","thepiratebay3.org","26049.00","dafreetv.net","24830.29","linkshrink.net","23363.22","youtube.com","22259.66","shinden.pl","22118.80","cryptomininggame.com","18919.80","coinmarketcap.com","16215.35","tvdanawa.net","13165.96","gledalica.com","12110.50","m7atat.com","9825.60","filecrypt.cc","8594.10","play4coin.us","7469.44","cll.press","7367.32","www1.swatchseries.to","5389.88","mail.google.com","3795.68","best5link.com","3098.56","eobot.com","3038.44","finder.com","3000.00","kissanime.ru","2395.22","elahmad.com","2395.22","cjinc.info","2175.35","mega.nz","2138.64","soft98.ir","2059.42","shrtz.me","2009.28","outlook.live.com","1869.60","solarmoviez.ru","1645.92","123movie.cc","1645.92","shrinkearn.com","1582.40","cc.minkabu.jp","1541.62","visualnovelparapc.blogspot.com","1452.25","daum.net","1419.56","coingecko.com","1356.60","tr.investing.com","1300.00","claimcoin24.com","1000.00","duckduckgo.com","1000.00","cpuwin.com","1000.00","navigator.gmx.net","1000.00","go.mail.ru","1000.00",""
"","Binance","2807780.00","Binance","1680960.00","Binance","1019700.00","Binance","1928160.00","Binance","828120.00","BitMEX","618140.00","Binance","1287500.00","Binance","661260.00","Binance","558260.00","Binance","624180.00","Upbit","687012.02","BitBay","533555.88","Indodax","1313340.00","Binance","473800.00","Binance","428480.00","BX Thailand","1125720.00","Zaif","444721.67","Binance","313120.00","Bitso","863181.15","Binance","296640.00","BTC Markets","405003.24","Binance","271920.00","Binance","203940.00","Binance","236900.00","Altcoin Trader","256938.75","Binance","166860.00","Binance","175100.00","Binance","216300.00","Binance","92700.00","Binance","123600.00","Binance","154500.00","Binance","175100.00","Binance","138020.00","Binance","55620.00","Binance","119480.00","Binance","86520.00","CEX.IO","151970.00","Binance","111240.00","Binance","125660.00","Binance","142140.00","","","Binance","479160.00","CEX.IO","2150720.00","Waves Decentralized Exchange","150432.70","CryptoBridge","89042.25","Huobi","148082.52","Crex24","24399.46","BitMEX","146063.36","BITBOX","19679.38","FCoin","9057.23","Coinbase Pro","96307.96","Bittrex","37752.12","Binance","43670.00","Binance","76670.00","Binance","41360.00","Bitstamp","27454.32","Gemini","9353.63","Binance","42900.00","Cryptopia","5057.92","Binance","10230.00","BitMEX","39226.00","STEX","37671.08","Binance","26510.00","Binance","2640.00","CEX.IO","4620.00","Bitfinex","21256.80","HADAX","14684.60","Gemini","2010.97","BitMEX","20504.50","Kraken","5406.17","TradeOgre","14863.29","Cryptopia","8444.92","CoinEx","8871.72","CryptoBridge","17891.28","Binance","17710.00","Binance","3740.00","Binance","9240.00","Mercatox","15194.60","Binance","15620.00","Luno","3079.83","MBAex","10673.75","","","Binance","228910.00","Binance","211640.00","Binance","230010.00","Binance","120340.00","Binance","59400.00","Binance","36520.00","Binance","12430.00","Binance","11220.00","Binance","6050.00","Binance","7370.00","Binance","8250.00","Binance","3850.00","Binance","3300.00","Crex24","6658.56","Bitstamp","7797.22","YoBit","14567.24","Indodax","4087.75","Binance","3630.00","Huobi","5820.15","Binance","2310.00","ABCC","1588.65","YoBit","2248.32","Kucoin","1999.20","Kucoin","1599.36","Bitfinex","2893.80","Binance","1430.00","Crex24","6627.84","Binance","1980.00","Binance","1760.00","YoBit","5667.64","BitMEX","639.20","YoBit","5597.38","Kucoin","1656.48","Bitstamp","2698.00","Binance","1650.00","YoBit","5175.82","Kucoin","799.68","Bitstamp","1807.66","Livecoin","2600.18","Bitfinex","4175.34","","","Binance","47253.80","CEX.IO","29219.94","Binance","26049.00","Cashierest","24776.99","CEX.IO","23363.22","Bitkub","13831.47","Binance","22118.80","Binance","18919.80","CEX.IO","8424.34","Cashierest","13165.96","Binance","12110.50","Kucoin","9825.60","CEX.IO","8594.10","CEX.IO","7469.44","Kucoin","6918.40","HBUS","5389.88","ABCC","1068.48","Kucoin","3098.56","BitMEX","3038.44","Bitfinex","1000.00","HBUS","2395.22","HBUS","2395.22","Bitkub","2175.35","Cryptopia","2138.64","BitMEX","2059.42","Kucoin","2009.28","Bitso","1869.60","HBUS","1645.92","HBUS","1645.92","Kucoin","1582.40","Liquid","1020.32","CoinExchange","1452.25","Bithumb","1419.56","BITBOX","1356.60","BtcTurk","1300.00","CoinCorner","1000.00","Kraken","1000.00","Bitsane","1000.00","YoBit","1000.00","OKEx","1000.00",""
"","Coinbase Pro","2154400.00","YoBit","1165220.00","Mercado Bitcoin","951737.92","BtcTurk","545441.26","Exmo","503500.00","OKEx","563640.00","Bittrex","484400.00","BitMEX","308140.00","BitMEX","261640.00","BitMEX","205220.00","Bithumb","382542.21","Binance","502640.00","Binance","152440.00","Koinex","238832.64","Kraken","240870.00","Binance","208060.00","Bitbank","375438.24","QuadrigaCX","174114.60","Binance","158620.00","CEX.IO","173810.00","Binance","278100.00","Coinbase Pro","125200.00","BitMEX","97960.00","Kraken","78750.00","Luno","214223.49","Bittrex","68320.00","LiteBit.eu","62649.45","Poloniex","50700.00","Coinbase Pro","82000.00","BitMEX","79980.00","MBAex","82994.38","Poloniex","51480.00","BitMEX","91140.00","Kraken","43050.00","YoBit","37700.00","Coinbase Pro","61600.00","Binance","84460.00","Cryptopia","53600.00","Bitstamp","54230.00","Bittrex","47040.00","","","Cryptopia","277553.36","","","CoinExchange","40225.43","Graviex","63637.44","HADAX","32953.97","CryptoBridge","18609.14","","","Bittrex","6557.88","OKEx","8370.27","BitMEX","1604.70","Cryptopia","24386.40","CoinExchange","20302.32","","","CoinExchange","18027.06","Bitstamp (Ripple Gateway)","27454.32","Bitstamp (Ripple Gateway)","6401.52","","","C-CEX","4895.55","BitMEX","2496.20","","","","","","","Graviex","2621.36","Binance","2530.00","","","HBUS","6009.04","Binance","1430.00","","","Coinone","2540.65","Bittrex","2810.52","CryptoBridge","3534.08","Coinut","5443.06","","","","","YoBit","3315.20","Kucoin","8053.75","Exrates","986.00","","","Kraken","2284.48","OKEx","1646.26","","","Kucoin","128148.72","Bittrex","65585.40","BitMEX","37201.44","BitMEX","43465.60","Bittrex","13150.80","Bitstamp (Ripple Gateway)","16080.08","YoBit","11569.48","YoBit","7353.88","Cryptopia","4938.84","Bitstamp","5288.08","Bittrex","4355.50","Zaif","3015.63","CEX.IO","2560.22","Coinut","1764.10","Bitstamp (Ripple Gateway)","7797.22","OTCBTC","464.78","Binance","1650.00","BitMEX","2620.72","OKEx","3707.60","Kucoin","1056.72","Binance","1430.00","Binance","1540.00","Binance","880.00","Poloniex","545.82","Binance","1430.00","Bittrex","1152.10","","","ABCC","1564.85","Cryptopia","532.44","WEX","391.16","YoBit","632.34","","","BitMart","1071.84","Bitstamp (Ripple Gateway)","2698.00","YoBit","1053.90","","","Bitstamp","755.44","Bitstamp (Ripple Gateway)","1807.66","Luno","873.60","","","","","","","","","","","GOPAX","53.30","","","Cryptopia","2105.58","","","","","Mercatox","2069.31","","","","","","","","","","","OpenLedger DEX","448.92","","","HitBTC","1000.00","","","","","Sistemkoin","1000.00","","","","","","","","","","","","","","","","","","","","","Fisco","521.30","","","","","","","","","","","","","","","","","","",""
"","Bittrex","796880.00","Poloniex","805740.00","Crex24","330680.00","Koineks","290220.08","Poloniex","264420.00","Binance","519120.00","BitMEX","401140.00","Coinbase Pro","284800.00","Bitfinex","255600.00","LiteBit.eu","184140.00","BitMEX","202120.00","BitMEX","159340.00","Mercatox","63346.38","Bitbns","138989.76","BitMEX","185380.00","Cryptopia","79200.00","Coincheck","238975.92","BitMEX","158720.00","BitMEX","102300.00","Coinbase Pro","110800.00","BitMEX","119660.00","Kraken","88620.00","Coinbase Pro","79600.00","Cryptopia","70000.00","Binance","72100.00","Cryptopia","65600.00","BitMEX","53320.00","Bittrex","50400.00","Bittrex","81760.00","Bittrex","51520.00","BitMEX","80600.00","Cryptopia","43600.00","Cryptopia","35200.00","Cryptopia","40000.00","Poloniex","36660.00","Bitfinex","54720.00","Poloniex","38220.00","Kucoin","20880.00","Bitstamp (Ripple Gateway)","54230.00","Cryptopia","27600.00","","","HitBTC","243966.00","","","Binance","25740.00","Crex24","38179.68","HBUS","14426.16","Graviex","16356.32","","","Cryptopia","5509.52","ZB.COM","7716.69","Waves Decentralized Exchange","53.79","CryptoBridge","8365.83","Kucoin","12240.00","","","","","","","Bitstamp","6401.52","","","HitBTC","4788.80","Bitfinex","2244.00","","","","","","","Bittrex","1240.68","IDEX","2079.20","","","","","BitMEX","1426.40","","","Gatehub","2069.91","Crex24","1053.66","Crex24","2479.20","Binance","2860.00","","","","","Poloniex","1143.00","CoinEx","22.56","","","","","Binance","2090.00","Cryptopia","1129.00","","","BitMEX","106107.20","Bitstamp (Ripple Gateway)","52907.78","Bittrex","36220.90","Kucoin","23761.92","Kraken","13006.00","Bitstamp","16080.08","Poloniex","6037.10","ABCC","4254.25","BitMEX","4186.76","Bitstamp (Ripple Gateway)","5288.08","BitMEX","3707.36","Bittrex","2332.30","Bitstamp (Ripple Gateway)","1780.68","LATOKEN","1312.37","","","CoinExchange","14.91","Bittrex","1180.20","Kucoin","1570.80","BitMEX","1246.44","Bitstamp","782.42","Crex24","1420.80","BTC-Alpha","762.54","Bittrex","618.20","Kraken","518.00","OKEx","769.60","YoBit","1124.16","","","OKEx","769.60","Bittrex","505.80","","","Bittrex","618.20","","","Gate.io","687.74","","","WEX","848.36","","","Bitstamp (Ripple Gateway)","755.44","BitShares Asset Exchange","384.90","BitMEX","287.64","","","","","","","","","","","","","","","Cashierest","1182.81","","","","","BitMEX","1926.22","","","","","","","","","","","","","","","Bitlish","1000.00","","","","","ezBtc","1000.00","","","","","","","","","","","","","","","","","","","","","","","","","","","","","","","","","","","","","","","","",""
"","BitMEX","572880.00","Bittrex","623840.00","Cryptopia","324400.00","Bittrex","285040.00","Bittrex","250320.00","Huobi","375849.36","Poloniex","160290.00","Bittrex","220640.00","Kraken","195720.00","Bittrex","168560.00","Binance","140080.00","Bittrex","157920.00","Bittrex","45920.00","Bittrex","113120.00","Kucoin","106430.00","Bittrex","54880.00","bitFlyer","170177.80","Bitfinex","117360.00","Bittrex","79520.00","Bitfinex","100440.00","Bittrex","68320.00","BitMEX","83080.00","Bitfinex","74160.00","Bitfinex","64800.00","CEX.IO","46020.00","Kucoin","55100.00","Kraken","49980.00","Cryptopia","42800.00","BitMEX","73160.00","Bitfinex","42480.00","Bitfinex","49680.00","Kucoin","43500.00","Kucoin","31030.00","Poloniex","38220.00","Bitfinex","36000.00","BitMEX","44020.00","Bittrex","27440.00","Bittrex","20160.00","Bittrex","34720.00","BitMEX","22940.00","","","Kucoin","159948.75","","","Crex24","20721.98","Cryptopia","26508.92","BitMEX","427.92","Cryptopia","13367.36","","","Trade Satoshi","5198.62","Bithumb","5016.10","","","Binance","7150.00","Cryptopia","9573.92","","","","","","","itBit","4347.20","","","CryptoBridge","4445.21","Liqui","2122.67","","","","","","","STEX","1163.24","Bitstamp (Ripple Gateway)","1793.16","","","","","AirSwap","1113.98","","","CEX.IO","1320.00","STEX","290.81","CoinExchange","1983.56","IDAX","883.08","","","","","Exmo","1104.48","","","","","","","CEX.IO","1980.00","Huobi","912.40","","","Bitfinex","75156.12","Bitstamp","52907.78","Bitstamp (Ripple Gateway)","35559.64","Bittrex","23266.80","Bitfinex","12836.07","Bittrex","9975.50","Bittrex","5760.50","Exmo","3970.05","Poloniex","4101.92","Kraken","3290.00","Kraken","3052.00","Bitfinex","1612.26","Bitstamp","1780.68","Binance","1210.00","","","Trade Satoshi","11.16","BitMEX","1086.64","CryptoBridge","1158.24","Bittrex","1208.30","Bitstamp (Ripple Gateway)","782.42","YoBit","1264.68","Bittrex","758.70","Mercatox","587.45","HitBTC","494.87","Poloniex","396.96","Poloniex","645.06","","","Exmo","645.05","BitMEX","479.40","","","Mercado Bitcoin","385.28","","","HitBTC","627.64","","","ABCC","434.35","","","YoBit","632.34","Bitfinex","330.72","Kraken","252.00","","","","","","","","","","","","","","","Coinbase Pro","1000.00","","","","","Bibox","1000.00","","","","","","","","","","","","","","","CoinZest","727.20","","","","","","","","","","","","","","","","","","","","","","","","","","","","","","","","","","","","","","","","","","","","","","",""
"","Cryptopia","364400.00","Cryptopia","512400.00","Trade Satoshi","324389.40","Paribu","244173.12","Bitfinex","242640.00","Bitfinex","210600.00","Cryptopia","137600.00","Cryptopia","176800.00","Bittrex","161840.00","Kraken","133770.00","Coinone","104574.36","Bitfinex","123480.00","Cryptopia","41200.00","Cryptopia","94800.00","Bittrex","105280.00","BitMEX","46500.00","Binance","144200.00","Coinsquare","96944.85","Cryptopia","48800.00","Kraken","97440.00","Bitfinex","59760.00","Cryptopia","78000.00","CoinMate","72686.49","Poloniex","54990.00","Bitfinex","39240.00","Bitfinex","41760.00","Coinbase Pro","45600.00","Kucoin","41470.00","Bitstamp","47190.00","Kraken","41160.00","OKEx","26520.00","BitMEX","42160.00","SouthXchange","30375.60","BitMEX","35960.00","Exmo","31700.00","Kraken","43470.00","Cryptopia","25600.00","BitMEX","19840.00","Cryptopia","25600.00","CoinEx","20769.40","","","CoinExchange","157488.83","","","Cryptopia","13096.40","CoinExchange","17997.89","","","STEX","12996.97","","","CryptoBridge","4721.31","Huobi","4402.33","","","HitBTC","2978.40","Coinroom","235.98","","","","","","","Bittylicious","4021.16","","","YoBit","4172.80","HADAX","2110.14","","","","","","","HitBTC","1138.80","Bitstamp","1793.16","","","","","LATOKEN","895.62","","","Bitso","1276.80","Livecoin","222.48","SouthXchange","1257.75","","","","","","","Crex24","971.02","","","","","","","Bitstamp","1572.84","BitMEX","606.22","","","Bitstamp","69527.46","Kucoin","38898.72","Bitstamp","35559.64","Bitstamp (Ripple Gateway)","19047.88","Indodax","12361.75","YoBit","8759.08","WEX","3815.08","Poloniex","3771.12","Bittrex","3372.00","Coinbase Pro","1827.00","Zaif","2006.04","BitMEX","1246.44","Bitfinex","1736.28","C2CX","1000.00","","","","","BX Thailand","1022.21","Coinbase Pro","730.80","Bilaxy","492.15","Bitfinex","723.45","Waves Decentralized Exchange","1214.01","Poloniex","727.76","Bitfinex","454.74","OEX","429.91","Exmo","332.50","WEX","558.80","","","YoBit","351.30","Coindeal","399.32","","","BX Thailand","377.96","","","DigiFinex","560.49","","","Poloniex","347.34","","","Coinbase Pro","406.00","Huobi","193.20","WazirX","188.58","","","","","","","","","","","","","","","BTC-Alpha","1000.00","","","","","CPDAX","1000.00","","","","","","","","","","","","","","","","","","","","","","","","","","","","","","","","","","","","","","","","","","","","","","","","","","","","","","","","","","","","","","",""
"","Poloniex","355290.00","WEX","418700.00","HitBTC","313320.00","Poloniex","209430.00","BTC Trade UA","209418.16","FCoin","196230.28","CoinEx","104766.00","CEX.IO","167960.00","Coinbase Pro","148800.00","Coinbase Pro","114800.00","Coinbit","102603.45","Kucoin","112810.00","Hotbit","38188.30","BitMEX","93620.00","Coinbase Pro","102800.00","Bitfinex","46080.00","BitMEX","128340.00","CEX.IO","85800.00","Kucoin","38860.00","Bittrex","90720.00","Cryptopia","58400.00","Bittrex","76720.00","Bittrex","68320.00","Coinbase Pro","44000.00","Bittrex","30240.00","Poloniex","39780.00","Kucoin","37700.00","BitMEX","39060.00","Bitstamp (Ripple Gateway)","47190.00","Coinbase Pro","39600.00","Poloniex","24570.00","YoBit","34800.00","Bittrex","29120.00","CryptoBridge","34160.00","Bittrex","30240.00","Poloniex","33930.00","Kucoin","16530.00","CryptoBridge","19320.00","BitMEX","25420.00","Kucoin","18850.00","","","Bittrex","151970.64","","","YoBit","12454.40","STEX","12035.06","","","CoinExchange","12105.55","","","Graviex","2923.36","BitMEX","4243.54","","","Poloniex","2763.00","Indodax","92.40","","","","","","","Bittrex","3646.08","","","Trade Satoshi","3657.92","Bibox","2090.00","","","","","","","TradeOgre","1093.62","Bitfinex","1672.80","","","","","Bancor Network","847.32","","","Bitsane","1218.56","Graviex","132.88","BiteBTC","678.60","","","","","","","Bittrex","936.84","","","","","","","Bitstamp (Ripple Gateway)","1572.84","OTCBTC","107.69","","","Bitstamp (Ripple Gateway)","69527.46","Bitfinex","29330.73","YoBit","32647.48","Bitstamp","19047.88","BitMEX","10610.72","HitBTC","7133.37","Cryptopia","3782.16","BitMEX","3451.68","Bitstamp (Ripple Gateway)","3129.68","HBUS","1570.80","Bitstamp (Ripple Gateway)","1214.10","Huobi","917.70","Coinbase Pro","1431.15","Kucoin","685.44","","","","","CoinExchange","735.56","Bittrex","590.10","Coinsuper","372.06","Allbit","477.87","BTC-Alpha","902.16","Exmo","551.95","Coindeal","372.52","Bitfinex","351.39","Livecoin","289.90","BitMEX","447.44","","","TradeOgre","291.92","Crex24","337.92","","","IDEX","318.24","","","Coinbase Pro","507.50","","","Exmo","232.75","","","Mercatox","253.93","OKEx","150.80","","","","","","","","","","","","","","","","","Altcoin Trader","1000.00","","","","","Bitinka","735.90","","","","","","","","","","","","","","","","","","","","","","","","","","","","","","","","","","","","","","","","","","","","","","","","","","","","","","","","","","","","","","",""
"","Kucoin","342490.00","BitMEX","385640.00","Poloniex","269490.00","BitMEX","186000.00","Cryptopia","200400.00","CoinEx","192714.30","Bitfinex","103320.00","Kucoin","162690.00","Cryptopia","118400.00","Kucoin","106140.00","CoinZest","92868.06","Cryptopia","94400.00","Kucoin","35670.00","Kucoin","74240.00","Cryptopia","71600.00","CryptoBridge","31920.00","CoinExchange","42840.00","Bittrex","76720.00","CoinExchange","30120.00","BitMEX","79980.00","Kucoin","57420.00","HitBTC","55160.00","Bitstamp","50270.00","BitMEX","39680.00","BitMEX","26040.00","BitMEX","38440.00","Bitfinex","33480.00","CoinEx","33543.50","HitBTC","42280.00","Cryptopia","26000.00","Bittrex","21280.00","HitBTC","34160.00","HitBTC","28000.00","Bittrex","27440.00","BitMEX","25420.00","Bittrex","26880.00","CryptoBridge","14700.00","HitBTC","15680.00","Kraken","23940.00","Poloniex","15600.00","","","IDEX","150346.40","","","Mercatox","4132.19","Escodex","8257.37","","","TradeOgre","12029.82","","","YoBit","2803.20","Binance","4070.00","","","Bitfinex","1428.00","CoinEx","16.92","","","","","","","Bisq","3440.72","","","STEX","3333.13","Bitibu","1486.76","","","","","","","Bitfinex","1033.60","OasisDEX","1063.30","","","","","IDEX","699.20","","","Bitstamp","954.72","","","Bleutrade","564.20","","","","","","","Cryptopia","812.88","","","","","","","Cryptopia","722.56","Fatbtc","77.18","","","Cryptopia","67730.04","BX Thailand","28347.00","Poloniex","29788.54","YoBit","14941.96","Bitstamp (Ripple Gateway)","9901.66","BitMEX","6168.28","BitMEX","3036.20","WEX","3342.64","Bitstamp","3129.68","Bitfinex","1260.87","Bitstamp","1214.10","TradeOgre","904.24","YoBit","1288.10","CoinBene","675.36","","","","","Luno","570.96","Graviex","577.32","","","Bittrex","449.60","Cryptopia","495.72","Bitfinex","392.73","BitBay","323.98","IDEX","275.40","Cryptopia","275.40","Gate.io","328.80","","","Poloniex","281.18","Bitstamp (Ripple Gateway)","296.78","","","Kucoin","285.60","","","STEX","176.46","","","Braziliex","221.76","","","ABCC","249.90","","","","","","","","","","","","","","","","","","","Braziliex","1000.00","","","","","BITBOX","426.20","","","","","","","","","","","","","","","","","","","","","","","","","","","","","","","","","","","","","","","","","","","","","","","","","","","","","","","","","","","","","","",""
"","Kraken","340620.00","Bitfinex","354600.00","BitcoinTrade","251205.57","Bitfinex","169560.00","BitMEX","190960.00","MBAex","163839.76","HitBTC","98280.00","Bitfinex","129600.00","Poloniex","112320.00","Cryptopia","102800.00","Cashierest","89565.60","Poloniex","89310.00","Crex24","35140.00","WazirX","72321.96","Bitfinex","51840.00","Kucoin","28130.00","Liquid","35287.92","Kraken","62370.00","HitBTC","28560.00","HitBTC","65520.00","Independent Reserve","47453.23","Poloniex","49530.00","Bitstamp (Ripple Gateway)","50270.00","TradeOgre","38500.00","HitBTC","20160.00","Kraken","31290.00","Bittrex","31360.00","HitBTC","28000.00","CryptoBridge","39480.00","Poloniex","24570.00","Kucoin","16820.00","Bittrex","33040.00","Bitfinex","26640.00","Kucoin","24360.00","WEX","22500.00","HitBTC","22680.00","Bitfinex","11880.00","Bitfinex","15480.00","HitBTC","18480.00","YoBit","14790.00","","","Mercatox","146220.23","","","CoinEx","744.48","SouthXchange","3526.25","","","Trade Satoshi","8011.64","","","TradeOgre","2734.05","Kucoin","3825.00","","","Exmo","844.88","","","","","","","","","CoinCorner","2042.76","","","TradeOgre","3247.72","Poloniex","1449.00","","","","","","","CryptoBridge","938.74","Kraken","915.09","","","","","Kucoin","658.75","","","Bitstamp (Ripple Gateway)","954.72","","","Graviex","181.20","","","","","","","WEX","645.92","","","","","","","Bittrex","582.36","Zaif","21.16","","","Bittrex","58504.20","BitMEX","26143.28","Cryptopia","28751.76","Bitfinex","12815.40","Bitstamp","9901.66","Livecoin","5427.82","HitBTC","2788.17","Cryptopia","2809.08","YoBit","2388.84","Lykke Exchange","755.70","Bitfinex","1054.17","Bitstamp (Ripple Gateway)","890.34","Kucoin","1199.52","YoBit","655.76","","","","","Mercatox","534.39","Mercatox","435.85","","","Kraken","448.00","Livecoin","325.58","TradeOgre","370.24","YoBit","304.46","Crex24","268.80","Crex24","199.68","Cryptopia","257.04","","","Kraken","238.00","Bitstamp","296.78","","","Bitstamp","269.80","","","IDAX","126.00","","","STEX","212.79","","","Cryptopia","220.32","","","","","","","","","","","","","","","","","","","OpenLedger DEX","583.20","","","","","Coindeal","382.10","","","","","","","","","","","","","","","","","","","","","","","","","","","","","","","","","","","","","","","","","","","","","","","","","","","","","","","","","","","","","","",""
"","Gemini","288875.88","HitBTC","315840.00","CoinExchange","251160.00","HitBTC","156800.00","YoBit","190240.00","Gate.io","162736.84","YoBit","80330.00","Poloniex","113880.00","Bitstamp","97790.00","Bitfinex","100080.00","GOPAX","79574.56","Coindeal","54322.80","YoBit","34800.00","Poloniex","61230.00","Bitstamp","51590.00","YoBit","26970.00","Cryptopia","22800.00","Cryptopia","50000.00","STEX","26191.44","Poloniex","49140.00","Poloniex","34710.00","Bitfinex","47520.00","Kucoin","48720.00","Kucoin","38280.00","Poloniex","19500.00","Bitstamp","29920.00","Cryptopia","30000.00","YoBit","23780.00","Kucoin","33350.00","Bitstamp (Ripple Gateway)","23760.00","Cobinhood","16033.47","Bitfinex","20880.00","CryptoMarket","23298.08","Bitfinex","23400.00","HitBTC","21840.00","Cryptopia","16400.00","Bitstamp (Ripple Gateway)","11000.00","Mercatox","15406.72","Bitfinex","16920.00","Mercatox","13962.34","","","STEX","112431.62","","","BitBay","600.09","Trade Satoshi","3379.60","","","Escodex","5766.88","","","BitForex","2717.65","CoinEx","3767.52","","","YoBit","550.40","","","","","","","","","Coinfloor","1904.39","","","Graviex","2416.00","OasisDEX","1276.94","","","","","","","C-CEX","933.10","Bisq","852.80","","","","","Bitfinex","612.00","","","LiteBit.eu","814.73","","","Waves Decentralized Exchange","161.37","","","","","","","STEX","581.62","","","","","","","Kucoin","552.50","","","","","Kraken","53186.00","Kraken","21112.00","Kucoin","21362.88","Cryptopia","10446.84","HitBTC","8859.38","Poloniex","4846.22","Exmo","2653.35","Bittrex","2669.50","Mercado Bitcoin","2249.76","Bittrex","449.60","YoBit","632.34","Bitstamp","890.34","Mercado Bitcoin","973.52","BitMart","623.04","","","","","Livecoin","316.66","Bitfinex","392.73","","","Coinsquare","387.42","Simex","253.50","BitBay","350.70","Poloniex","297.72","TradeOgre","227.84","ABCC","190.40","Exmo","206.15","","","HitBTC","205.19","HitBTC","289.68","","","Bitstamp (Ripple Gateway)","269.80","","","","","","","Gate.io","101.38","","","Bitfinex","144.69","","","","","","","","","","","","","","","","","","","Coindeal","415.40","","","","","OpenLedger DEX","251.28","","","","","","","","","","","","","","","","","","","","","","","","","","","","","","","","","","","","","","","","","","","","","","","","","","","","","","","","","","","","","","",""
"","HitBTC","255080.00","STEX","234334.02","Braziliex","223935.90","Cryptopia","156000.00","Kuna","180045.84","OTCBTC","100013.46","IDEX","73440.00","HitBTC","102480.00","Bitstamp (Ripple Gateway)","97790.00","Poloniex","67470.00","Bitfinex","55440.00","CryptoBridge","47180.00","STEX","29862.21","HitBTC","49840.00","Bitstamp (Ripple Gateway)","51590.00","Poloniex","26520.00","Bittrex","22400.00","Kucoin","49300.00","TradeOgre","25740.00","Kucoin","48430.00","CEX.IO","34580.00","Bitstamp","40370.00","HitBTC","48160.00","YoBit","37120.00","Kucoin","13340.00","Bitstamp (Ripple Gateway)","29920.00","Bitstamp (Ripple Gateway)","27390.00","STEX","23512.77","Kraken","31920.00","Bitstamp","23760.00","TradeOgre","14520.00","CoinEx","18104.30","Bitex.la","17441.05","Bitstamp","19800.00","Cryptopia","21200.00","Bitstamp (Ripple Gateway)","15510.00","Bitstamp","11000.00","Hotbit","15229.31","Kucoin","14790.00","Crex24","9800.00","","","TradeOgre","98724.06","","","Exmo","509.76","BiteBTC","1456.38","","","Novaexchange","5581.08","","","CoinExchange","2596.13","DigiFinex","3759.25","","","","","","","","","","","","","Kraken","1648.46","","","Mercatox","1630.64","Kraken","967.01","","","","","","","BitForex","885.04","CryptoBridge","690.25","","","","","Bleutrade","564.20","","","Coincheck","786.15","","","","","","","","","","","ABCC","516.57","","","","","","","Bitfinex","516.80","","","","","CEX.IO","51752.22","Poloniex","20509.60","Indodax","19680.30","Poloniex","8435.40","YoBit","7307.04","Cryptopia","4314.60","ABCC","2225.30","BTC-Alpha","2437.98","IDEX","2001.24","Gatehub","440.16","bitFlyer","502.83","Kucoin","799.68","Kraken","966.00","ABCC","606.90","","","","","YoBit","281.04","YoBit","351.30","","","CoinEx","354.35","Bittrex","252.90","WEX","218.44","TradeOgre","270.56","BitMEX","223.72","C-CEX","126.80","HitBTC","144.84","","","Indodax","98.50","YoBit","257.62","","","Crex24","245.76","","","","","","","Kuna","97.24","","","BTC-Alpha","118.14","","","","","","","","","","","","","","","","","","","BITBOX","141.20","","","","","DigiFinex","0.00","","","","","","","","","","","","","","","","","","","","","","","","","","","","","","","","","","","","","","","","","","","","","","","","","","","","","","","","","","","","","","",""
